Año;Edad;Hombres;Mujeres
1952;0;262053;253156
1952;1;239019;231988
1952;2;224542;218722
1952;3;204940;203131
1952;4;197631;195699
1952;5;189157;187430
1952;6;181077;179603
1952;7;173655;172440
1952;8;166804;165839
1952;9;160426;159705
1952;10;154626;154080
1952;11;149347;148917
1952;12;144344;144010
1952;13;139462;139242
1952;14;135626;135450
1952;15;132533;132366
1952;16;129640;129491
1952;17;126675;126562
1952;18;124258;124152
1952;19;120940;120921
1952;20;116908;117032
1952;21;112770;113048
1952;22;109316;109690
1952;23;105756;106211
1952;24;101915;102407
1952;25;97971;98470
1952;26;94079;94566
1952;27;90424;90901
1952;28;86803;87254
1952;29;83373;83792
1952;30;80155;80544
1952;31;77091;77450
1952;32;73929;74271
1952;33;70713;71044
1952;34;68550;68899
1952;35;67175;67556
1952;36;65900;66318
1952;37;64311;64774
1952;38;63265;63780
1952;39;61148;61651
1952;40;58108;58580
1952;41;54958;55390
1952;42;52463;52918
1952;43;49571;50085
1952;44;47391;47869
1952;45;45846;46238
1952;46;44334;44699
1952;47;42446;42799
1952;48;40852;41082
1952;49;38794;39566
1952;50;36387;38183
1952;51;34054;36924
1952;52;32137;35809
1952;53;30158;34894
1952;54;28685;33688
1952;55;27631;32237
1952;56;26650;30735
1952;57;25425;29346
1952;58;24330;27778
1952;59;23285;26540
1952;60;22235;25584
1952;61;21213;24655
1952;62;20287;23604
1952;63;19458;22767
1952;64;18361;21591
1952;65;17086;20148
1952;66;15792;18672
1952;67;14681;17424
1952;68;13523;16087
1952;69;12463;14874
1952;70;11542;13815
1952;71;10654;12791
1952;72;9670;11665
1952;73;8694;10569
1952;74;7958;9681
1952;75;7373;8949
1952;76;6867;8254
1952;77;6357;7598
1952;78;5967;7032
1952;79;5373;6432
1952;80;4653;5772
1952;81;3804;5107
1952;82;3137;4522
1952;83;2450;3956
1952;84;1887;3292
1952;85;1464;2554
1952;86;1119;1895
1952;87;789;1329
1952;88;521;811
1952;89;345;494
1952;90;242;357
1952;91;181;307
1952;92;117;193
1952;93;99;162
1952;94;69;112
1952;95;41;69
1952;96;15;28
1952;97;8;17
1952;98;9;16
1952;99;6;11
1952;100;8;14
1956;0;297542;287109
1956;1;272904;264475
1956;2;257918;250947
1956;3;245552;239422
1956;4;234215;228638
1956;5;224799;219522
1956;6;215070;210027
1956;7;197949;196436
1956;8;192185;190463
1956;9;185063;183561
1956;10;178028;176832
1956;11;171316;170419
1956;12;164860;164225
1956;13;158605;158200
1956;14;152708;152459
1956;15;147158;147017
1956;16;141745;141707
1956;17;136354;136453
1956;18;131936;132130
1956;19;128226;128509
1956;20;124717;125133
1956;21;121167;121759
1956;22;118216;118971
1956;23;114484;115459
1956;24;110187;111391
1956;25;105934;107321
1956;26;102493;103960
1956;27;99075;100566
1956;28;95486;96925
1956;29;91861;93204
1956;30;88314;89542
1956;31;84990;86123
1956;32;81666;82708
1956;33;78485;79455
1956;34;75466;76384
1956;35;72559;73439
1956;36;69537;70388
1956;37;66450;67273
1956;38;64378;65205
1956;39;63072;63920
1956;40;61870;62757
1956;41;60392;61341
1956;42;59464;60506
1956;43;57540;58607
1956;44;54740;55806
1956;45;51820;52859
1956;46;49485;50548
1956;47;46706;47809
1956;48;44544;45589
1956;49;42931;43872
1956;50;41308;42215
1956;51;39330;40241
1956;52;37667;38525
1956;53;35635;37095
1956;54;33349;35868
1956;55;31175;34792
1956;56;29385;33822
1956;57;27499;32967
1956;58;26025;31738
1956;59;24884;30186
1956;60;23779;28530
1956;61;22454;26963
1956;62;21283;25269
1956;63;20201;23942
1956;64;19171;22951
1956;65;18202;22045
1956;66;17330;21052
1956;67;16529;20235
1956;68;15474;19072
1956;69;14246;17626
1956;70;13015;16134
1956;71;11929;14810
1956;72;10806;13397
1956;73;9770;12090
1956;74;8834;10907
1956;75;7947;9785
1956;76;7021;8636
1956;77;6145;7579
1956;78;5481;6739
1956;79;4956;6063
1956;80;4503;5451
1956;81;4050;4878
1956;82;3660;4358
1956;83;3128;3802
1956;84;2525;3208
1956;85;1889;2631
1956;86;1403;2136
1956;87;979;1708
1956;88;674;1305
1956;89;472;938
1956;90;330;651
1956;91;215;427
1956;92;131;242
1956;93;80;134
1956;94;50;86
1956;95;33;65
1956;96;19;36
1956;97;14;26
1956;98;9;16
1956;99;5;9
1956;100;3;8
1959;0;325225;313485
1959;1;300840;291089
1959;2;285580;277322
1959;3;273082;265700
1959;4;261365;254607
1959;5;250348;244153
1959;6;239643;233925
1959;7;229573;224247
1959;8;221273;216205
1959;9;212484;207666
1959;10;196108;194817
1959;11;190718;189240
1959;12;183750;182486
1959;13;176691;175715
1959;14;169813;169120
1959;15;163060;162618
1959;16;156405;156189
1959;17;150039;149989
1959;18;143995;144075
1959;19;138093;138314
1959;20;132245;132661
1959;21;127406;128001
1959;22;123330;124117
1959;23;119540;120554
1959;24;115810;117076
1959;25;112781;114255
1959;26;109095;110790
1959;27;104957;106834
1959;28;100939;102924
1959;29;97760;99746
1959;30;94613;96547
1959;31;91281;93103
1959;32;87883;89570
1959;33;84523;86079
1959;34;81349;82809
1959;35;78152;79528
1959;36;75084;76390
1959;37;72169;73419
1959;38;69369;70568
1959;39;66464;67617
1959;40;63509;64623
1959;41;61557;62683
1959;42;60361;61537
1959;43;59270;60527
1959;44;57897;59265
1959;45;57038;58545
1959;46;55172;56733
1959;47;52416;53979
1959;48;49510;51031
1959;49;47154;48672
1959;50;44371;45895
1959;51;42208;43658
1959;52;40608;41969
1959;53;39034;40402
1959;54;37137;38562
1959;55;35530;36965
1959;56;33536;35605
1959;57;31251;34376
1959;58;29019;33225
1959;59;27117;32109
1959;60;25152;31087
1959;61;23589;29699
1959;62;22397;28062
1959;63;21309;26398
1959;64;20082;24886
1959;65;19021;23292
1959;66;18034;22041
1959;67;17063;21074
1959;68;16105;20147
1959;69;15194;19098
1959;70;14349;18197
1959;71;13263;16955
1959;72;12031;15449
1959;73;10790;13893
1959;74;9703;12505
1959;75;8624;11080
1959;76;7659;9796
1959;77;6815;8671
1959;78;6043;7648
1959;79;5266;6645
1959;80;4536;5734
1959;81;3960;4991
1959;82;3471;4359
1959;83;3020;3758
1959;84;2564;3183
1959;85;2160;2659
1959;86;1706;2153
1959;87;1271;1684
1959;88;880;1287
1959;89;610;982
1959;90;400;743
1959;91;258;536
1959;92;169;361
1959;93;109;232
1959;94;65;138
1959;95;36;71
1959;96;20;36
1959;97;12;21
1959;98;7;14
1959;99;4;7
1959;100;4;9
1966;0;372390;357754
1966;1;356122;343478
1966;2;345692;334442
1966;3;336579;326214
1966;4;326916;317182
1966;5;316501;307329
1966;6;305986;297346
1966;7;295755;287550
1966;8;285295;277596
1966;9;274821;267787
1966;10;264725;258244
1966;11;254793;248785
1966;12;245179;239661
1966;13;235464;230381
1966;14;225937;221214
1966;15;217744;213243
1966;16;208714;204411
1966;17;191922;191041
1966;18;185817;184714
1966;19;178030;177112
1966;20;170090;169450
1966;21;162320;161981
1966;22;154720;154684
1966;23;147313;147580
1966;24;140320;140848
1966;25;133798;134558
1966;26;127594;128583
1966;27;121628;122869
1966;28;116816;118266
1966;29;112897;114537
1966;30;109380;111209
1966;31;106010;108025
1966;32;103372;105526
1966;33;100104;102406
1966;34;96391;98805
1966;35;92765;95233
1966;36;89918;92353
1966;37;87068;89429
1966;38;84014;86246
1966;39;80880;82966
1966;40;77771;79725
1966;41;74835;76702
1966;42;71877;73685
1966;43;69044;70821
1966;44;66361;68130
1966;45;63785;65557
1966;46;61096;62876
1966;47;58330;60121
1966;48;56476;58319
1966;49;55281;57214
1966;50;54131;56181
1966;51;52681;54871
1966;52;51697;54064
1966;53;49791;52247
1966;54;47104;49589
1966;55;44327;46794
1966;56;42077;44571
1966;57;39437;41952
1966;58;37316;39793
1966;59;35627;38062
1966;60;33845;36340
1966;61;31704;34298
1966;62;29763;32441
1966;63;27494;30795
1966;64;25055;29312
1966;65;22786;27973
1966;66;20926;26758
1966;67;19143;25702
1966;68;17764;24390
1966;69;16708;22881
1966;70;15770;21362
1966;71;14684;19916
1966;72;13668;18349
1966;73;12648;17008
1966;74;11598;15847
1966;75;10535;14694
1966;76;9505;13454
1966;77;8522;12329
1966;78;7456;11028
1966;79;6393;9636
1966;80;5421;8300
1966;81;4611;7139
1966;82;3873;6013
1966;83;3237;5004
1966;84;2686;4108
1966;85;2189;3294
1966;86;1721;2546
1966;87;1310;1912
1966;88;990;1424
1966;89;740;1052
1966;90;544;765
1966;91;389;549
1966;92;278;392
1966;93;187;273
1966;94;119;184
1966;95;69;120
1966;96;40;77
1966;97;21;48
1966;98;11;28
1966;99;6;15
1966;100;5;15
1969;0;370939;356125
1969;1;360023;346691
1969;2;355410;343027
1969;3;351574;339937
1969;4;346785;335731
1969;5;339353;328891
1969;6;331380;321470
1969;7;322660;313224
1969;8;313192;304261
1969;9;303519;295126
1969;10;293926;285982
1969;11;283846;276416
1969;12;273519;266741
1969;13;263385;257140
1969;14;253276;247482
1969;15;243357;238031
1969;16;233243;228322
1969;17;223253;218664
1969;18;214568;210178
1969;19;205061;200862
1969;20;187883;187089
1969;21;181383;180405
1969;22;173283;172547
1969;23;165112;164724
1969;24;157200;157181
1969;25;149552;149890
1969;26;142191;142858
1969;27;135324;136246
1969;28;128989;130114
1969;29;123006;124317
1969;30;117274;118793
1969;31;112679;114370
1969;32;108951;110808
1969;33;105602;107632
1969;34;102378;104585
1969;35;99867;102202
1969;36;96728;99197
1969;37;93147;95708
1969;38;89654;92248
1969;39;86930;89474
1969;40;84204;86665
1969;41;81272;83615
1969;42;78257;80484
1969;43;75258;77395
1969;44;72413;74514
1969;45;69530;71617
1969;46;66745;68841
1969;47;64081;66195
1969;48;61497;63628
1969;49;58787;60931
1969;50;56003;58155
1969;51;54117;56322
1969;52;52893;55197
1969;53;51733;54176
1969;54;50300;52907
1969;55;49315;52132
1969;56;47425;50353
1969;57;44756;47725
1969;58;41968;44923
1969;59;39653;42640
1969;60;36938;39944
1969;61;34700;37674
1969;62;32869;35817
1969;63;30965;33990
1969;64;28746;31885
1969;65;26737;29983
1969;66;24464;28303
1969;67;22079;26795
1969;68;19887;25437
1969;69;18087;24199
1969;70;16421;23134
1969;71;15109;21822
1969;72;14065;20316
1969;73;13069;18753
1969;74;11948;17250
1969;75;10889;15650
1969;76;9841;14261
1969;77;8793;13051
1969;78;7769;11875
1969;79;6807;10659
1969;80;5916;9557
1969;81;5010;8336
1969;82;4151;7064
1969;83;3394;5861
1969;84;2776;4818
1969;85;2235;3848
1969;86;1782;3019
1969;87;1403;2327
1969;88;1078;1750
1969;89;794;1268
1969;90;563;894
1969;91;394;624
1969;92;273;432
1969;93;186;293
1969;94;123;195
1969;95;81;128
1969;96;50;82
1969;97;29;50
1969;98;16;30
1969;99;8;18
1969;100;7;20
1972;0;363579;349634
1972;1;354485;341154
1972;2;352367;339832
1972;3;352076;340023
1972;4;351545;339686
1972;5;349503;337911
1972;6;346596;335467
1972;7;342596;331899
1972;8;336011;325838
1972;9;328822;319184
1972;10;320713;311548
1972;11;311619;302957
1972;12;302085;293948
1972;13;292438;284730
1972;14;282143;274929
1972;15;271459;264871
1972;16;260850;254768
1972;17;250192;244533
1972;18;239694;234483
1972;19;229014;224206
1972;20;218507;214050
1972;21;209368;205162
1972;22;199503;195560
1972;23;182134;181642
1972;24;175462;174881
1972;25;167313;167046
1972;26;159198;159322
1972;27;151432;151933
1972;28;143999;144837
1972;29;136891;138022
1972;30;130293;131637
1972;31;124219;125729
1972;32;118482;120145
1972;33;112973;114822
1972;34;108575;110577
1972;35;105020;107171
1972;36;101831;104134
1972;37;98760;101215
1972;38;96388;98947
1972;39;93395;96062
1972;40;89964;92709
1972;41;86618;89396
1972;42;84022;86769
1972;43;81416;84115
1972;44;78591;81217
1972;45;75664;78219
1972;46;72724;75232
1972;47;69908;72411
1972;48;67027;69537
1972;49;64221;66758
1972;50;61531;64093
1972;51;58929;61511
1972;52;56228;58828
1972;53;53482;56094
1972;54;51617;54297
1972;55;50392;53193
1972;56;49210;52176
1972;57;47738;50894
1972;58;46658;50055
1972;59;44685;48217
1972;60;41969;45550
1972;61;39119;42684
1972;62;36729;40315
1972;63;33987;37562
1972;64;31703;35222
1972;65;29802;33280
1972;66;27839;31380
1972;67;25597;29238
1972;68;23552;27307
1972;69;21286;25595
1972;70;18999;24086
1972;71;16900;22705
1972;72;15156;21416
1972;73;13508;20232
1972;74;12177;18821
1972;75;11085;17245
1972;76;10056;15641
1972;77;8962;14118
1972;78;7952;12555
1972;79;6988;11200
1972;80;6063;10012
1972;81;5191;8870
1972;82;4398;7714
1972;83;3688;6662
1972;84;3004;5560
1972;85;2386;4481
1972;86;1864;3521
1972;87;1451;2734
1972;88;1106;2063
1972;89;831;1529
1972;90;613;1112
1972;91;439;788
1972;92;300;535
1972;93;197;350
1972;94;127;225
1972;95;81;143
1972;96;51;89
1972;97;31;54
1972;98;19;33
1972;99;11;19
1972;100;11;23
1975;0;365605;351541
1975;1;354092;341235
1975;2;349029;337006
1975;3;347696;335810
1975;4;347150;335122
1975;5;347224;335410
1975;6;347700;336135
1975;7;347812;336320
1975;8;346470;335184
1975;9;344231;333383
1975;10;340759;330337
1975;11;334503;324594
1975;12;327424;318038
1975;13;319236;310309
1975;14;309901;301461
1975;15;299971;292038
1975;16;289798;282276
1975;17;278895;271850
1975;18;267569;261141
1975;19;256327;250417
1975;20;245090;239634
1975;21;234091;229143
1975;22;223012;218546
1975;23;212217;208197
1975;24;202897;199226
1975;25;192979;189650
1975;26;175746;175868
1975;27;169207;169271
1975;28;161281;161651
1975;29;153436;154171
1975;30;145960;147038
1975;31;138812;140193
1975;32;131974;133622
1975;33;125625;127463
1975;34;119778;121762
1975;35;114253;116368
1975;36;108943;111221
1975;37;104724;107130
1975;38;101337;103863
1975;39;98305;100955
1975;40;95386;98165
1975;41;93157;96025
1975;42;90311;93282
1975;43;87026;90079
1975;44;83809;86910
1975;45;81307;84399
1975;46;78763;81833
1975;47;75967;78992
1975;48;73037;76017
1975;49;70072;73030
1975;50;67219;70196
1975;51;64315;67317
1975;52;61514;64553
1975;53;58849;61926
1975;54;56291;59395
1975;55;53636;56766
1975;56;50917;54072
1975;57;49012;52263
1975;58;47677;51091
1975;59;46347;49972
1975;60;44726;48578
1975;61;43471;47597
1975;62;41407;45670
1975;63;38687;42969
1975;64;35880;40100
1975;65;33514;37711
1975;66;30822;34962
1975;67;28530;32593
1975;68;26559;30587
1975;69;24513;28610
1975;70;22266;26452
1975;71;20202;24491
1975;72;17977;22734
1975;73;15740;21135
1975;74;13721;19664
1975;75;12049;18289
1975;76;10507;17019
1975;77;9263;15579
1975;78;8241;14029
1975;79;7298;12482
1975;80;6338;11021
1975;81;5465;9545
1975;82;4647;8241
1975;83;3881;7076
1975;84;3183;5972
1975;85;2569;4911
1975;86;2045;3991
1975;87;1576;3129
1975;88;1182;2374
1975;89;871;1761
1975;90;638;1294
1975;91;456;922
1975;92;321;643
1975;93;220;436
1975;94;146;285
1975;95;92;177
1975;96;56;106
1975;97;33;63
1975;98;19;37
1975;99;11;21
1975;100;12;24
1979;0;389449;374668
1979;1;375745;361980
1979;2;365990;353062
1979;3;357797;345345
1979;4;351167;339197
1979;5;346835;335207
1979;6;343898;332521
1979;7;343415;331956
1979;8;343563;331861
1979;9;344308;332785
1979;10;345362;334084
1979;11;345886;334691
1979;12;344752;333769
1979;13;342485;331944
1979;14;338756;328650
1979;15;332037;322457
1979;16;324300;315263
1979;17;315303;306751
1979;18;305070;297046
1979;19;294213;286757
1979;20;283150;276190
1979;21;271446;265073
1979;22;259445;253821
1979;23;247680;242713
1979;24;236083;231714
1979;25;224899;221155
1979;26;213810;210626
1979;27;203160;200455
1979;28;194095;191735
1979;29;184534;182472
1979;30;167815;169067
1979;31;161658;162810
1979;32;154130;155537
1979;33;146664;148388
1979;34;139536;141566
1979;35;132712;135008
1979;36;126175;128699
1979;37;120106;122785
1979;38;114521;117305
1979;39;109248;112119
1979;40;104182;107174
1979;41;100188;103269
1979;42;97007;100177
1979;43;94170;97440
1979;44;91428;94815
1979;45;89338;92809
1979;46;86608;90182
1979;47;83406;87068
1979;48;80225;83948
1979;49;77698;81439
1979;50;75106;78854
1979;51;72267;75997
1979;52;69318;73029
1979;53;66367;70074
1979;54;63552;67290
1979;55;60699;64474
1979;56;57934;61757
1979;57;55262;59141
1979;58;52646;56580
1979;59;49892;53884
1979;60;47027;51083
1979;61;44919;49117
1979;62;43401;47794
1979;63;41900;46526
1979;64;40170;45019
1979;65;38803;43912
1979;66;36719;41931
1979;67;34044;39226
1979;68;31277;36354
1979;69;28875;33900
1979;70;26231;31151
1979;71;23928;28742
1979;72;21904;26658
1979;73;19841;24617
1979;74;17618;22415
1979;75;15607;20421
1979;76;13544;18637
1979;77;11553;17016
1979;78;9801;15525
1979;79;8363;14127
1979;80;7068;12816
1979;81;6016;11376
1979;82;5137;9855
1979;83;4334;8350
1979;84;3555;6939
1979;85;2869;5590
1979;86;2266;4446
1979;87;1749;3498
1979;88;1321;2704
1979;89;982;2045
1979;90;719;1535
1979;91;510;1115
1979;92;352;782
1979;93;238;533
1979;94;159;355
1979;95;103;227
1979;96;65;141
1979;97;40;85
1979;98;24;49
1979;99;14;27
1979;100;15;30
1981;0;402068;387149
1981;1;391231;377147
1981;2;380677;367387
1981;3;371947;359028
1981;4;363677;351144
1981;5;355909;343688
1981;6;349569;337745
1981;7;345526;334004
1981;8;342857;331577
1981;9;342593;331242
1981;10;342886;331303
1981;11;343683;332287
1981;12;344702;333559
1981;13;345108;334064
1981;14;343765;332955
1981;15;341203;330868
1981;16;337113;327260
1981;17;330001;320731
1981;18;321860;313209
1981;19;312477;304398
1981;20;301894;294442
1981;21;290733;283959
1981;22;279425;273259
1981;23;267548;262067
1981;24;255449;250797
1981;25;243668;239718
1981;26;232136;228787
1981;27;221082;218328
1981;28;210170;207919
1981;29;199718;197878
1981;30;190844;189287
1981;31;181468;180153
1981;32;164972;166884
1981;33;158948;160731
1981;34;151550;153558
1981;35;144203;146500
1981;36;137184;139758
1981;37;130461;133272
1981;38;124020;127032
1981;39;118042;121178
1981;40;112543;115761
1981;41;107358;110639
1981;42;102378;105759
1981;43;98456;101915
1981;44;95332;98871
1981;45;92534;96168
1981;46;89810;93560
1981;47;87708;91546
1981;48;84955;88897
1981;49;81726;85756
1981;50;78515;82609
1981;51;75958;80074
1981;52;73352;77478
1981;53;70514;74630
1981;54;67576;71678
1981;55;64629;68737
1981;56;61801;65950
1981;57;58916;63114
1981;58;56095;60356
1981;59;53350;57681
1981;60;50609;55018
1981;61;47763;52241
1981;62;44857;49395
1981;63;42693;47369
1981;64;41102;45972
1981;65;39532;44629
1981;66;37743;43056
1981;67;36293;41859
1981;68;34163;39822
1981;69;31482;37095
1981;70;28777;34254
1981;71;26416;31812
1981;72;23793;29058
1981;73;21500;26634
1981;74;19478;24524
1981;75;17445;22465
1981;76;15303;20277
1981;77;13379;18296
1981;78;11448;16519
1981;79;9614;14896
1981;80;8012;13390
1981;81;6696;11960
1981;82;5523;10598
1981;83;4565;9134
1981;84;3768;7636
1981;85;3060;6211
1981;86;2408;4938
1981;87;1861;3803
1981;88;1406;2897
1981;89;1038;2189
1981;90;750;1627
1981;91;533;1183
1981;92;374;851
1981;93;254;589
1981;94;167;391
1981;95;108;251
1981;96;68;157
1981;97;42;95
1981;98;25;56
1981;99;15;32
1981;100;16;35
1984;0;415097;399629
1984;1;407848;393203
1984;2;400670;386688
1984;3;393565;380191
1984;4;387105;373933
1984;5;377941;365149
1984;6;369666;357099
1984;7;361756;349491
1984;8;354352;342350
1984;9;348336;336707
1984;10;344535;333201
1984;11;341999;330911
1984;12;341749;330601
1984;13;341946;330588
1984;14;342533;331399
1984;15;343227;332400
1984;16;343203;332557
1984;17;341358;331052
1984;18;338252;328558
1984;19;333611;324561
1984;20;325975;317694
1984;21;317353;309895
1984;22;307551;300877
1984;23;296629;290787
1984;24;285230;280237
1984;25;273796;269533
1984;26;261921;258392
1984;27;249944;247216
1984;28;238375;236264
1984;29;227108;225478
1984;30;216339;215173
1984;31;205707;204919
1984;32;195513;195028
1984;33;186856;186572
1984;34;177681;177564
1984;35;161450;164433
1984;36;155559;158369
1984;37;148298;151278
1984;38;141081;144291
1984;39;134183;137615
1984;40;127578;131192
1984;41;121250;125018
1984;42;115382;119234
1984;43;109987;113887
1984;44;104894;108832
1984;45;99994;104009
1984;46;96114;100192
1984;47;92996;97142
1984;48;90174;94405
1984;49;87405;91740
1984;50;85236;89649
1984;51;82429;86935
1984;52;79166;83753
1984;53;75936;80585
1984;54;73347;78033
1984;55;70709;75425
1984;56;67832;72565
1984;57;64837;69587
1984;58;61810;66596
1984;59;58877;63736
1984;60;55812;60759
1984;61;52838;57870
1984;62;49962;55069
1984;63;47137;52308
1984;64;44236;49443
1984;65;41295;46529
1984;66;39053;44400
1984;67;37339;42871
1984;68;35637;41399
1984;69;33735;39714
1984;70;32183;38411
1984;71;30023;36330
1984;72;27394;33621
1984;73;24721;30778
1984;74;22375;28303
1984;75;19843;25568
1984;76;17628;23144
1984;77;15674;21013
1984;78;13751;18946
1984;79;11788;16791
1984;80;10040;14828
1984;81;8335;13044
1984;82;6756;11390
1984;83;5401;9840
1984;84;4300;8378
1984;85;3355;7019
1984;86;2608;5681
1984;87;2016;4443
1984;88;1528;3378
1984;89;1120;2514
1984;90;806;1816
1984;91;567;1299
1984;92;391;921
1984;93;263;641
1984;94;175;434
1984;95;114;288
1984;96;71;182
1984;97;43;110
1984;98;25;65
1984;99;15;37
1984;100;16;42
1987;0;426236;410579
1987;1;418452;403364
1987;2;413088;398618
1987;3;407931;393745
1987;4;404118;390274
1987;5;398040;384559
1987;6;391280;378304
1987;7;385112;372265
1987;8;376282;363743
1987;9;368320;355947
1987;10;360647;348541
1987;11;353373;341513
1987;12;347369;335885
1987;13;343460;332297
1987;14;340702;329833
1987;15;340104;329259
1987;16;339844;328915
1987;17;339891;329356
1987;18;339990;329982
1987;19;339354;329788
1987;20;336920;327983
1987;21;333274;325248
1987;22;328166;321077
1987;23;320177;314105
1987;24;311310;306263
1987;25;301381;297257
1987;26;290458;287227
1987;27;279170;276774
1987;28;267937;266191
1987;29;256327;255189
1987;30;244647;244159
1987;31;233373;233352
1987;32;222386;222705
1987;33;211874;212529
1987;34;201478;202396
1987;35;191498;192612
1987;36;183021;184246
1987;37;174024;175319
1987;38;158060;162288
1987;39;152285;156273
1987;40;145152;149233
1987;41;138063;142300
1987;42;131282;135678
1987;43;124787;129311
1987;44;118555;123190
1987;45;112766;117447
1987;46;107426;112123
1987;47;102364;107069
1987;48;97475;102222
1987;49;93576;98355
1987;50;90414;95233
1987;51;87542;92421
1987;52;84727;89690
1987;53;82501;87538
1987;54;79654;84787
1987;55;76360;81582
1987;56;73079;78388
1987;57;70392;75781
1987;58;67631;73099
1987;59;64617;70151
1987;60;61455;67054
1987;61;58248;63921
1987;62;55150;60912
1987;63;52007;57838
1987;64;48972;54849
1987;65;46043;51950
1987;66;43169;49097
1987;67;40225;46157
1987;68;37248;43182
1987;69;34908;40952
1987;70;33086;39313
1987;71;31275;37721
1987;72;29296;35932
1987;73;27590;34452
1987;74;25383;32274
1987;75;22812;29549
1987;76;20247;26726
1987;77;17990;24243
1987;78;15629;21559
1987;79;13564;19162
1987;80;11742;17024
1987;81;9985;14949
1987;82;8251;12825
1987;83;6731;10883
1987;84;5315;9125
1987;85;4070;7536
1987;86;3056;6120
1987;87;2275;4879
1987;88;1655;3824
1987;89;1198;2899
1987;90;862;2127
1987;91;608;1518
1987;92;415;1061
1987;93;278;718
1987;94;182;479
1987;95;116;315
1987;96;72;201
1987;97;44;124
1987;98;26;75
1987;99;15;44
1987;100;16;50
1990;0;438837;422807
1990;1;430989;415768
1990;2;425353;410527
1990;3;420525;405889
1990;4;415473;401060
1990;5;410971;396999
1990;6;406058;392328
1990;7;402472;389034
1990;8;396683;383532
1990;9;390208;377486
1990;10;384260;371612
1990;11;375551;363184
1990;12;367590;355401
1990;13;359803;347925
1990;14;352291;340750
1990;15;345908;334896
1990;16;341474;331020
1990;17;338064;328230
1990;18;336711;327322
1990;19;335649;326659
1990;20;334908;326818
1990;21;334303;327207
1990;22;333104;326833
1990;23;330284;324905
1990;24;326411;322102
1990;25;321213;317915
1990;26;313252;310974
1990;27;304484;303197
1990;28;294716;294283
1990;29;284003;284363
1990;30;272962;274027
1990;31;261997;263565
1990;32;250677;252679
1990;33;239292;241757
1990;34;228309;231052
1990;35;217600;220496
1990;36;207356;210403
1990;37;197212;200346
1990;38;187468;190630
1990;39;179194;182317
1990;40;170395;173445
1990;41;154730;160494
1990;42;149081;154515
1990;43;142083;147516
1990;44;135111;140618
1990;45;128425;134020
1990;46;121997;127661
1990;47;115809;121530
1990;48;110037;115756
1990;49;104697;110387
1990;50;99629;105280
1990;51;94740;100386
1990;52;90831;96471
1990;53;87651;93304
1990;54;84756;90449
1990;55;81905;87675
1990;56;79599;85458
1990;57;76655;82631
1990;58;73243;79341
1990;59;69815;76042
1990;60;66895;73260
1990;61;63913;70412
1990;62;60729;67329
1990;63;57468;64141
1990;64;54197;60929
1990;65;51046;57844
1990;66;47860;54693
1990;67;44773;51617
1990;68;41777;48616
1990;69;38828;45652
1990;70;35865;42642
1990;71;32892;39612
1990;72;30508;37279
1990;73;28557;35462
1990;74;26636;33695
1990;75;24594;31760
1990;76;22797;30102
1990;77;20606;27837
1990;78;18150;25115
1990;79;15742;22330
1990;80;13619;19845
1990;81;11466;17208
1990;82;9588;14821
1990;83;7945;12660
1990;84;6423;10601
1990;85;5013;8606
1990;86;3842;6872
1990;87;2840;5410
1990;88;2033;4200
1990;89;1427;3216
1990;90;994;2423
1990;91;676;1796
1990;92;458;1284
1990;93;308;883
1990;94;203;586
1990;95;129;378
1990;96;79;236
1990;97;48;145
1990;98;28;87
1990;99;16;51
1990;100;19;61
1993;0;448021;432080
1993;1;443744;428007
1993;2;439020;423415
1993;3;433836;418742
1993;4;428362;413752
1993;5;423488;409116
1993;6;418864;404650
1993;7;414015;399977
1993;8;409768;396097
1993;9;405110;391605
1993;10;401719;388449
1993;11;396027;383020
1993;12;389529;376970
1993;13;383431;371012
1993;14;374436;362423
1993;15;366024;354404
1993;16;357614;346640
1993;17;349326;339152
1993;18;342053;332989
1993;19;336667;328826
1993;20;332339;325791
1993;21;330187;324683
1993;22;328545;323870
1993;23;327461;323928
1993;24;326722;324259
1993;25;325539;323872
1993;26;322831;321969
1993;27;319101;319220
1993;28;314057;315108
1993;29;306287;308261
1993;30;297717;300581
1993;31;288166;291767
1993;32;277691;281943
1993;33;266902;271697
1993;34;256197;261315
1993;35;245153;250506
1993;36;234050;239655
1993;37;223347;229015
1993;38;212918;218522
1993;39;202944;208489
1993;40;193067;198489
1993;41;183578;188831
1993;42;175523;180566
1993;43;166938;171743
1993;44;151574;158865
1993;45;146027;152898
1993;46;139116;145900
1993;47;132191;138983
1993;48;125515;132344
1993;49;119073;125929
1993;50;112865;119736
1993;51;107081;113904
1993;52;101743;108490
1993;53;96698;103356
1993;54;91840;98446
1993;55;87934;94501
1993;56;84713;91279
1993;57;81733;88341
1993;58;78753;85455
1993;59;76260;83087
1993;60;73089;80076
1993;61;69498;76636
1993;62;65863;73166
1993;63;62799;70264
1993;64;59700;67315
1993;65;56428;64147
1993;66;53095;60880
1993;67;49750;57576
1993;68;46511;54376
1993;69;43242;51101
1993;70;40109;47921
1993;71;37073;44814
1993;72;34104;41755
1993;73;31122;38649
1993;74;28172;35555
1993;75;25763;33112
1993;76;23742;31141
1993;77;21763;29216
1993;78;19701;27145
1993;79;17851;25302
1993;80;15713;22936
1993;81;13416;20194
1993;82;11213;17415
1993;83;9285;14900
1993;84;7428;12339
1993;85;5863;10073
1993;86;4560;8112
1993;87;3448;6392
1993;88;2513;4890
1993;89;1799;3693
1993;90;1244;2758
1993;91;835;2032
1993;92;550;1471
1993;93;359;1040
1993;94;229;716
1993;95;145;471
1993;96;90;298
1993;97;54;182
1993;98;32;108
1993;99;18;62
1993;100;20;74
1997;0;445003;428230
1997;1;444745;428648
1997;2;445133;429489
1997;3;445048;429777
1997;4;443114;428144
1997;5;440917;425853
1997;6;436943;421837
1997;7;432023;417364
1997;8;426808;412562
1997;9;422220;408131
1997;10;417847;403846
1997;11;413154;399292
1997;12;408932;395448
1997;13;404142;390895
1997;14;400432;387578
1997;15;394211;381902
1997;16;386957;375535
1997;17;379872;369221
1997;18;369737;360276
1997;19;360097;351927
1997;20;350499;343879
1997;21;341197;336164
1997;22;333174;329829
1997;23;327333;325544
1997;24;322838;322437
1997;25;320710;321294
1997;26;319223;320482
1997;27;318346;320567
1997;28;317814;320945
1997;29;316831;320617
1997;30;314333;318789
1997;31;310811;316117
1997;32;305980;312084
1997;33;298454;305318
1997;34;290118;297712
1997;35;280798;288966
1997;36;270557;279201
1997;37;260000;269009
1997;38;249535;258673
1997;39;238755;247913
1997;40;227945;237113
1997;41;217560;226531
1997;42;207473;216102
1997;43;197843;206137
1997;44;188296;196204
1997;45;179093;186600
1997;46;171235;178356
1997;47;162788;169529
1997;48;147650;156666
1997;49;142057;150610
1997;50;135096;143517
1997;51;128119;136500
1997;52;121401;129770
1997;53;114945;123283
1997;54;108747;117038
1997;55;102980;111165
1997;56;97643;105705
1997;57;92571;100508
1997;58;87650;95508
1997;59;83609;91426
1997;60;80154;87989
1997;61;76915;84815
1997;62;73645;81661
1997;63;70857;79023
1997;64;67483;75806
1997;65;63732;72196
1997;66;59951;68571
1997;67;56691;65483
1997;68;53395;62353
1997;69;49942;59017
1997;70;46479;55615
1997;71;43031;52182
1997;72;39708;48852
1997;73;36404;45465
1997;74;33231;42155
1997;75;30188;38929
1997;76;27247;35767
1997;77;24341;32585
1997;78;21507;29438
1997;79;19127;26844
1997;80;17063;24621
1997;81;15049;22410
1997;82;13011;20060
1997;83;11158;17859
1997;84;9203;15314
1997;85;7285;12630
1997;86;5591;10119
1997;87;4217;8002
1997;88;3057;6115
1997;89;2180;4614
1997;90;1533;3444
1997;91;1051;2520
1997;92;698;1789
1997;93;458;1247
1997;94;291;852
1997;95;178;568
1997;96;105;369
1997;97;61;233
1997;98;35;143
1997;99;19;84
1997;100;23;100
2000;0;437175;419814
2000;1;437392;420523
2000;2;438916;422545
2000;3;441376;425286
2000;4;442712;427084
2000;5;443635;428350
2000;6;443677;428742
2000;7;441890;427213
2000;8;439899;425063
2000;9;436140;421191
2000;10;431384;416829
2000;11;426241;412082
2000;12;421615;407635
2000;13;417080;403258
2000;14;412078;398539
2000;15;407360;394456
2000;16;401873;389620
2000;17;397276;386000
2000;18;390051;380043
2000;19;381766;373434
2000;20;373734;366932
2000;21;362902;357859
2000;22;352855;349431
2000;23;343141;341349
2000;24;333942;333635
2000;25;326125;327322
2000;26;320492;323072
2000;27;316170;320004
2000;28;314158;318899
2000;29;312770;318127
2000;30;312002;318253
2000;31;311607;318675
2000;32;310806;318397
2000;33;308530;316621
2000;34;305235;314002
2000;35;300614;310016
2000;36;293280;303293
2000;37;285083;295714
2000;38;275867;286986
2000;39;265718;277232
2000;40;255262;267046
2000;41;244923;256721
2000;42;234315;245981
2000;43;223711;235208
2000;44;213542;224654
2000;45;203656;214252
2000;46;194195;204300
2000;47;184778;194367
2000;48;175661;184746
2000;49;167835;176460
2000;50;159410;167590
2000;51;144424;154726
2000;52;138795;148602
2000;53;131833;141458
2000;54;124857;134395
2000;55;118131;127617
2000;56;111650;121076
2000;57;105406;114768
2000;58;99567;108813
2000;59;94131;103255
2000;60;88919;97923
2000;61;83852;92773
2000;62;79641;88515
2000;63;76047;84915
2000;64;72664;81566
2000;65;69253;78237
2000;66;66286;75404
2000;67;62751;72021
2000;68;58853;68275
2000;69;54929;64527
2000;70;51526;61319
2000;71;48111;58077
2000;72;44589;54648
2000;73;41071;51140
2000;74;37613;47610
2000;75;34304;44182
2000;76;31040;40711
2000;77;27909;37314
2000;78;24907;33997
2000;79;22008;30737
2000;80;19163;27460
2000;81;16414;24212
2000;82;14053;21410
2000;83;11971;18896
2000;84;9991;16408
2000;85;8098;13897
2000;86;6458;11634
2000;87;4920;9353
2000;88;3584;7237
2000;89;2527;5457
2000;90;1753;4075
2000;91;1173;2946
2000;92;777;2102
2000;93;511;1478
2000;94;329;1010
2000;95;203;665
2000;96;122;426
2000;97;70;267
2000;98;39;164
2000;99;21;97
2000;100;22;121
2007;0;400771;383862
2007;1;406906;389970
2007;2;412698;395502
2007;3;418332;400844
2007;4;422942;405776
2007;5;426670;409657
2007;6;429656;412934
2007;7;432116;415695
2007;8;433830;417710
2007;9;436006;420258
2007;10;438747;423232
2007;11;440328;425224
2007;12;441465;426655
2007;13;441645;427161
2007;14;439839;425646
2007;15;437543;423345
2007;16;433181;419161
2007;17;427511;414348
2007;18;421150;409045
2007;19;415022;403984
2007;20;408769;398977
2007;21;401964;393659
2007;22;395478;389046
2007;23;388433;383790
2007;24;382572;379863
2007;25;374552;373732
2007;26;365912;367059
2007;27;357874;360582
2007;28;347367;351610
2007;29;337746;343317
2007;30;328492;335395
2007;31;319744;327852
2007;32;312330;321701
2007;33;307046;317599
2007;34;303080;314671
2007;35;301405;313691
2007;36;300384;313036
2007;37;299989;313261
2007;38;299940;313758
2007;39;299441;313530
2007;40;297434;311791
2007;41;294356;309186
2007;42;289906;305196
2007;43;282758;298467
2007;44;274727;290868
2007;45;265682;282113
2007;46;255713;272332
2007;47;245438;262111
2007;48;235262;251743
2007;49;224805;240956
2007;50;214333;230129
2007;51;204273;219517
2007;52;194484;209050
2007;53;185099;199024
2007;54;175759;189012
2007;55;166700;179305
2007;56;158856;170890
2007;57;150423;161910
2007;58;135764;149063
2007;59;129924;142724
2007;60;122768;135376
2007;61;115583;128100
2007;62;108587;121067
2007;63;101822;114259
2007;64;95273;107656
2007;65;89117;101386
2007;66;83359;95483
2007;67;77860;89814
2007;68;72523;84312
2007;69;67955;79627
2007;70;63936;75539
2007;71;60130;71709
2007;72;56329;67919
2007;73;52920;64584
2007;74;49100;60801
2007;75;45058;56740
2007;76;41061;52703
2007;77;37478;49091
2007;78;33914;45434
2007;79;30299;41610
2007;80;26719;37711
2007;81;23220;33782
2007;82;19880;29917
2007;83;16668;26039
2007;84;13685;22273
2007;85;10978;18687
2007;86;8582;15344
2007;87;6515;12289
2007;88;4804;9604
2007;89;3504;7462
2007;90;2529;5754
2007;91;1785;4352
2007;92;1227;3207
2007;93;832;2330
2007;94;542;1619
2007;95;336;1075
2007;96;199;689
2007;97;114;433
2007;98;62;261
2007;99;35;153
2007;100;50;207
2011;0;380504;364878
2011;1;382552;366836
2011;2;386078;370142
2011;3;391047;374999
2011;4;396627;380211
2011;5;403668;387129
2011;6;409730;392933
2011;7;415433;398374
2011;8;420157;403415
2011;9;424043;407420
2011;10;427162;410816
2011;11;429684;413662
2011;12;431360;415712
2011;13;433417;418253
2011;14;435985;421208
2011;15;437324;423166
2011;16;438114;424540
2011;17;437780;424928
2011;18;435290;423228
2011;19;432216;420727
2011;20;427079;416357
2011;21;420725;411384
2011;22;413826;405936
2011;23;407323;400732
2011;24;400862;395590
2011;25;393978;390148
2011;26;387499;385443
2011;27;380528;380134
2011;28;374763;376187
2011;29;366903;370081
2011;30;358467;363457
2011;31;350659;357048
2011;32;340442;348160
2011;33;331103;339952
2011;34;322109;332110
2011;35;313576;324637
2011;36;306327;318546
2011;37;301158;314496
2011;38;297269;311610
2011;39;295630;310651
2011;40;294628;310006
2011;41;294248;310235
2011;42;294220;310731
2011;43;293753;310509
2011;44;291791;308775
2011;45;288735;306153
2011;46;284272;302119
2011;47;277089;295328
2011;48;268976;287637
2011;49;259827;278773
2011;50;249743;268880
2011;51;239354;258551
2011;52;229073;248085
2011;53;218541;237218
2011;54;208025;226322
2011;55;197937;215641
2011;56;188121;205099
2011;57;178708;194992
2011;58;169336;184898
2011;59;160237;175101
2011;60;152220;166518
2011;61;143686;157414
2011;62;129164;144537
2011;63;123079;137986
2011;64;115746;130463
2011;65;108386;123005
2011;66;101207;115778
2011;67;94265;108764
2011;68;87549;101941
2011;69;81232;95436
2011;70;75329;89286
2011;71;69718;83378
2011;72;64325;77672
2011;73;59690;72776
2011;74;55596;68471
2011;75;51721;64431
2011;76;47859;60437
2011;77;44310;56837
2011;78;40386;52809
2011;79;36260;48503
2011;80;32168;44184
2011;81;28413;40181
2011;82;24703;36107
2011;83;21039;31894
2011;84;17535;27672
2011;85;14287;23557
2011;86;11392;19708
2011;87;8872;16152
2011;88;6771;13002
2011;89;5072;10284
2011;90;3733;7986
2011;91;2697;6064
2011;92;1915;4499
2011;93;1351;3303
2011;94;942;2385
2011;95;633;1669
2011;96;406;1128
2011;97;248;744
2011;98;144;468
2011;99;80;284
2011;100;123;412
2017;0;369394;354301
2017;1;369041;353999
2017;2;369625;354661
2017;3;370978;356002
2017;4;372227;357408
2017;5;373606;358655
2017;6;375704;360650
2017;7;378534;363319
2017;8;382320;366888
2017;9;387401;371870
2017;10;393108;377208
2017;11;400275;384253
2017;12;406418;390180
2017;13;412129;395730
2017;14;416790;400886
2017;15;420570;405040
2017;16;423502;408599
2017;17;425689;411578
2017;18;426843;413704
2017;19;428154;416232
2017;20;429795;419081
2017;21;430204;420893
2017;22;430194;422098
2017;23;429284;422302
2017;24;426488;420402
2017;25;423316;417681
2017;26;418242;413087
2017;27;412013;407895
2017;28;405245;402256
2017;29;398846;396898
2017;30;392456;391635
2017;31;385640;386106
2017;32;379245;381344
2017;33;372400;376006
2017;34;366767;372042
2017;35;359098;365947
2017;36;350863;359350
2017;37;343224;352976
2017;38;333186;344140
2017;39;323985;335989
2017;40;315086;328190
2017;41;306611;320748
2017;42;299383;314673
2017;43;294199;310618
2017;44;290274;307712
2017;45;288561;306705
2017;46;287465;305985
2017;47;286957;306089
2017;48;286761;306416
2017;49;286098;305990
2017;50;283924;304029
2017;51;280617;301151
2017;52;275867;296850
2017;53;268382;289805
2017;54;259916;281849
2017;55;250376;272715
2017;56;239883;262547
2017;57;229077;251937
2017;58;218392;241191
2017;59;207516;230071
2017;60;196674;218901
2017;61;186364;208010
2017;62;176343;197255
2017;63;166731;186924
2017;64;157176;176604
2017;65;147898;166582
2017;66;139700;157765
2017;67;130967;148422
2017;68;116717;135492
2017;69;110136;128509
2017;70;102382;120583
2017;71;94613;112708
2017;72;87079;105077
2017;73;79869;97696
2017;74;73004;90567
2017;75;66623;83807
2017;76;60707;77436
2017;77;55106;71333
2017;78;49710;65434
2017;79;44887;60214
2017;80;40429;55436
2017;81;36086;50787
2017;82;31736;46067
2017;83;27625;41533
2017;84;23412;36621
2017;85;19337;31559
2017;86;15638;26671
2017;87;12513;22280
2017;88;9840;18267
2017;89;7601;14672
2017;90;5777;11574
2017;91;4322;8977
2017;92;3183;6862
2017;93;2295;5146
2017;94;1618;3781
2017;95;1108;2697
2017;96;737;1855
2017;97;474;1233
2017;98;295;793
2017;99;179;497
2017;100;246;731
2020;0;374089;358731
2020;1;373414;358434
2020;2;374462;359601
2020;3;375735;360889
2020;4;374926;360003
2020;5;374676;359813
2020;6;375193;360324
2020;7;375753;361035
2020;8;376599;361720
2020;9;378278;363262
2020;10;380790;365593
2020;11;384382;368981
2020;12;389481;374052
2020;13;395562;379914
2020;14;403602;388080
2020;15;411191;395825
2020;16;418895;403855
2020;17;425954;411988
2020;18;432320;419361
2020;19;437793;426085
2020;20;442289;431914
2020;21;445402;436383
2020;22;448251;440642
2020;23;450986;444581
2020;24;452048;446881
2020;25;452255;448043
2020;26;451160;447770
2020;27;447843;445055
2020;28;443871;441268
2020;29;437807;435437
2020;30;430466;428900
2020;31;422521;421857
2020;32;414915;415075
2020;33;407327;408398
2020;34;399342;401492
2020;35;391816;395406
2020;36;383894;388812
2020;37;377228;383664
2020;38;368600;376471
2020;39;359469;368854
2020;40;350987;361534
2020;41;340182;351824
2020;42;330260;342859
2020;43;320681;334301
2020;44;311559;326146
2020;45;303700;319398
2020;46;297890;314702
2020;47;293341;311183
2020;48;290996;309585
2020;49;289276;308300
2020;50;288155;307862
2020;51;287370;307671
2020;52;286150;306754
2020;53;283461;304340
2020;54;279659;301026
2020;55;274420;296304
2020;56;266452;288858
2020;57;257471;280491
2020;58;247385;270941
2020;59;236339;260363
2020;60;225009;249375
2020;61;213835;238280
2020;62;202523;226843
2020;63;191364;215438
2020;64;180793;204351
2020;65;170546;193418
2020;66;160700;182895
2020;67;150888;172354
2020;68;141309;162066
2020;69;132730;152919
2020;70;123652;143260
2020;71;109486;130204
2020;72;102565;122906
2020;73;94645;114775
2020;74;86806;106758
2020;75;79258;99018
2020;76;72053;91536
2020;77;65187;84281
2020;78;58755;77339
2020;79;52721;70707
2020;80;46945;64254
2020;81;41323;57911
2020;82;36160;52069
2020;83;31298;46514
2020;84;26600;41013
2020;85;22080;35501
2020;86;18021;30311
2020;87;14279;25174
2020;88;11043;20387
2020;89;8399;16203
2020;90;6355;12765
2020;91;4750;9912
2020;92;3502;7582
2020;93;2549;5724
2020;94;1831;4259
2020;95;1298;3098
2020;96;907;2183
2020;97;635;1506
2020;98;448;1020
2020;99;323;683
2020;100;463;990
2024;0;360006;345132
2024;1;362515;347501
2024;2;367846;352688
2024;3;371210;356025
2024;4;374028;358954
2024;5;373685;358901
2024;6;374674;359989
2024;7;375911;361214
2024;8;375079;360272
2024;9;374799;360022
2024;10;375257;360452
2024;11;375704;361037
2024;12;376355;361521
2024;13;377734;362771
2024;14;379837;364734
2024;15;382937;367734
2024;16;387516;372486
2024;17;393109;378176
2024;18;400721;386358
2024;19;407976;394306
2024;20;415452;402685
2024;21;422412;411252
2024;22;428803;419082
2024;23;434404;426237
2024;24;439083;432435
2024;25;442392;437195
2024;26;445395;441654
2024;27;448224;445703
2024;28;449338;448035
2024;29;449559;449160
2024;30;448454;448792
2024;31;445123;445943
2024;32;441121;441992
2024;33;435022;435980
2024;34;427629;429254
2024;35;419605;422017
2024;36;411885;415039
2024;37;404157;408161
2024;38;396019;401048
2024;39;388327;394739
2024;40;380239;387913
2024;41;373395;382514
2024;42;364618;375081
2024;43;355344;367229
2024;44;346707;359688
2024;45;335773;349793
2024;46;325692;340652
2024;47;315930;331922
2024;48;306597;323587
2024;49;298479;316626
2024;50;292347;311666
2024;51;287421;307835
2024;52;284625;305867
2024;53;282413;304176
2024;54;280756;303293
2024;55;279388;302634
2024;56;277541;301238
2024;57;274195;298339
2024;58;269675;294511
2024;59;263651;289247
2024;60;254899;281264
2024;61;245092;272334
2024;62;234206;262244
2024;63;222418;251155
2024;64;210476;239739
2024;65;198818;228294
2024;66;187178;216592
2024;67;175789;204960
2024;68;164999;193636
2024;69;154509;182428
2024;70;144352;171563
2024;71;134197;160650
2024;72;124254;149979
2024;73;115226;140406
2024;74;105843;130446
2024;75;92295;117528
2024;76;85034;109916
2024;77;77039;101590
2024;78;69207;93344
2024;79;61688;85269
2024;80;54512;77310
2024;81;47623;69357
2024;82;41111;61499
2024;83;35039;53872
2024;84;29459;46608
2024;85;24383;39796
2024;86;19967;33720
2024;87;16123;28283
2024;88;12764;23361
2024;89;9859;18920
2024;90;7474;15095
2024;91;5518;11712
2024;92;3965;8847
2024;93;2774;6529
2024;94;1914;4732
2024;95;1291;3333
2024;96;857;2288
2024;97;564;1547
2024;98;368;1032
2024;99;239;672
2024;100;370;995
2027;0;345560;331189
2027;1;348708;334350
2027;2;352528;337973
2027;3;356900;342279
2027;4;360278;345402
2027;5;365974;350940
2027;6;369544;354491
2027;7;372555;357607
2027;8;372416;357732
2027;9;373598;358980
2027;10;374992;360334
2027;11;374252;359466
2027;12;373966;359204
2027;13;374281;359493
2027;14;374403;359771
2027;15;374510;359756
2027;16;375115;360324
2027;17;376242;361469
2027;18;378232;363582
2027;19;381651;367454
2027;20;386138;372340
2027;21;392792;379843
2027;22;399319;387268
2027;23;406318;395290
2027;24;413033;403657
2027;25;419356;411430
2027;26;425008;418648
2027;27;429812;425004
2027;28;433293;429993
2027;29;436498;434728
2027;30;439555;439079
2027;31;440934;441728
2027;32;441452;443170
2027;33;440670;443113
2027;34;437684;440564
2027;35;434025;436900
2027;36;428269;431163
2027;37;421203;424698
2027;38;413485;417706
2027;39;406042;410953
2027;40;398564;404276
2027;41;390655;397343
2027;42;383163;391184
2027;43;375253;384483
2027;44;368551;379177
2027;45;359901;371820
2027;46;350728;364023
2027;47;342156;356515
2027;48;331277;346646
2027;49;321218;337512
2027;50;311452;328774
2027;51;302091;320416
2027;52;293914;313415
2027;53;287678;308387
2027;54;282602;304462
2027;55;279585;302358
2027;56;277087;300495
2027;57;275067;299387
2027;58;273259;298452
2027;59;270918;296746
2027;60;267069;293527
2027;61;262062;289382
2027;62;255613;283829
2027;63;246552;275623
2027;64;236504;266501
2027;65;225420;256233
2027;66;213438;244954
2027;67;201249;233300
2027;68;189264;221552
2027;69;177247;209504
2027;70;165462;197503
2027;71;154284;185815
2027;72;143474;174291
2027;73;133085;163166
2027;74;122807;152069
2027;75;112807;141251
2027;76;103679;131485
2027;77;94238;121339
2027;78;81124;108427
2027;79;73572;100371
2027;80;65361;91575
2027;81;57293;82754
2027;82;49517;73980
2027;83;42110;65235
2027;84;35110;56504
2027;85;28695;48002
2027;86;23004;40003
2027;87;18126;32750
2027;88;14054;26381
2027;89;10799;21075
2027;90;8203;16685
2027;91;6132;13037
2027;92;4477;10015
2027;93;3207;7602
2027;94;2215;5591
2027;95;1476;3964
2027;96;949;2707
2027;97;599;1797
2027;98;369;1156
2027;99;224;724
2027;100;288;1000
2031;0;331191;317406
2031;1;334451;320584
2031;2;336845;323003
2031;3;340675;326632
2031;4;343727;329608
2031;5;347480;333275
2031;6;351495;337081
2031;7;355953;341474
2031;8;359426;344677
2031;9;365233;350298
2031;10;368911;353925
2031;11;371997;357092
2031;12;371878;357230
2031;13;372999;358430
2031;14;374230;359661
2031;15;373208;358591
2031;16;372504;358046
2031;17;372267;357988
2031;18;371729;357881
2031;19;371113;357477
2031;20;370996;357679
2031;21;371474;358501
2031;22;372944;360350
2031;23;376001;364021
2031;24;380280;368772
2031;25;386836;376195
2031;26;393344;383594
2031;27;400356;391631
2031;28;407091;400045
2031;29;413433;407889
2031;30;419108;415189
2031;31;423949;421634
2031;32;427494;426712
2031;33;430784;431527
2031;34;433943;435950
2031;35;435444;438663
2031;36;436085;440165
2031;37;435427;440163
2031;38;432566;437670
2031;39;429016;434057
2031;40;423366;428369
2031;41;416399;421941
2031;42;408765;414972
2031;43;401384;408221
2031;44;393947;401527
2031;45;386056;394556
2031;46;378550;388336
2031;47;370600;381559
2031;48;363812;376152
2031;49;355067;368691
2031;50;345779;360781
2031;51;337061;353148
2031;52;326049;343170
2031;53;315828;333914
2031;54;305873;325041
2031;55;296284;316530
2031;56;287813;309335
2031;57;281187;304053
2031;58;275632;299816
2031;59;272018;297328
2031;60;268853;295036
2031;61;266119;293461
2031;62;263580;292043
2031;63;260535;289867
2031;64;256048;286210
2031;65;250441;281628
2031;66;243397;275624
2031;67;233767;266956
2031;68;223088;257300
2031;69;211327;246440
2031;70;198667;234540
2031;71;185831;222263
2031;72;173268;209930
2031;73;160807;197385
2031;74;148709;184972
2031;75;137286;172927
2031;76;126270;161072
2031;77;115650;149576
2031;78;105113;138054
2031;79;94783;126706
2031;80;85147;116187
2031;81;75220;105187
2031;82;62483;91700
2031;83;54210;82241
2031;84;45618;72080
2031;85;37491;61990
2031;86;30110;52264
2031;87;23642;43126
2031;88;18145;34761
2031;89;13655;27410
2031;90;10101;21198
2031;91;7362;16120
2031;92;5284;12091
2031;93;3753;9018
2031;94;2619;6651
2031;95;1780;4798
2031;96;1170;3359
2031;97;747;2289
2031;98;458;1497
2031;99;269;939
2031;100;301;1218
2034;0;320856;307399
2034;1;323406;309955
2034;2;326936;313499
2034;3;329992;316391
2034;4;333740;319966
2034;5;336262;322506
2034;6;340124;326176
2034;7;343216;329189
2034;8;347031;332900
2034;9;351115;336752
2034;10;355630;341182
2034;11;359131;344403
2034;12;364923;350012
2034;13;368533;353588
2034;14;371485;356661
2034;15;371156;356660
2034;16;371982;357684
2034;17;372840;358716
2034;18;371395;357443
2034;19;370248;356706
2034;20;369590;356477
2034;21;368705;356229
2034;22;367852;355717
2034;23;367607;355844
2034;24;368045;356621
2034;25;369527;358451
2034;26;372609;362123
2034;27;376906;366890
2034;28;383458;374337
2034;29;389954;381767
2034;30;396949;389835
2034;31;403675;398277
2034;32;410022;406144
2034;33;415719;413462
2034;34;420595;419917
2034;35;424183;425001
2034;36;427511;429818
2034;37;430699;434239
2034;38;432226;436949
2034;39;432885;438445
2034;40;432238;438432
2034;41;429388;435925
2034;42;425841;432287
2034;43;420192;426568
2034;44;413218;420096
2034;45;405562;413073
2034;46;398136;406253
2034;47;390630;399479
2034;48;382651;392418
2034;49;375033;386096
2034;50;366953;379210
2034;51;360009;373681
2034;52;351112;366105
2034;53;341661;358079
2034;54;332751;350317
2034;55;321546;340214
2034;56;311086;330808
2034;57;300846;321755
2034;58;290928;313034
2034;59;282077;305592
2034;60;275020;300027
2034;61;269011;295486
2034;62;264913;292674
2034;63;261269;290058
2034;64;258045;288139
2034;65;254978;286342
2034;66;251342;283738
2034;67;246196;279589
2034;68;239832;274428
2034;69;231971;267776
2034;70;221578;258470
2034;71;210189;248183
2034;72;197843;236756
2034;73;184764;224385
2034;74;171636;211712
2034;75;158850;199026
2034;76;146199;186139
2034;77;133875;173340
2034;78;122125;160813
2034;79;110690;148365
2034;80;99561;136133
2034;81;88468;123734
2034;82;77545;111335
2034;83;67253;99529
2034;84;56926;87268
2034;85;44974;73170
2034;86;36887;62705
2034;87;29237;52251
2034;88;22611;42589
2034;89;17109;33998
2034;90;12678;26576
2034;91;9196;20311
2034;92;6535;15207
2034;93;4553;11184
2034;94;3106;8067
2034;95;2068;5685
2034;96;1351;3928
2034;97;862;2656
2034;98;534;1750
2034;99;319;1117
2034;100;362;1503
2037;0;312632;299477
2037;1;315054;301887
2037;2;316502;303332
2037;3;319782;306482
2037;4;322768;309394
2037;5;326411;313047
2037;6;329497;315978
2037;7;333281;319587
2037;8;335859;322168
2037;9;339782;325879
2037;10;342925;328926
2037;11;346765;332653
2037;12;350835;336494
2037;13;355289;340877
2037;14;358669;344012
2037;15;364265;349490
2037;16;367603;352903
2037;17;370212;355790
2037;18;369493;355603
2037;19;369907;356448
2037;20;370373;357321
2037;21;368613;355921
2037;22;367248;355085
2037;23;366475;354787
2037;24;365559;354500
2037;25;364727;353973
2037;26;364521;354105
2037;27;364994;354902
2037;28;366496;356763
2037;29;369584;360468
2037;30;373879;365269
2037;31;380424;372744
2037;32;386923;380196
2037;33;393929;388279
2037;34;400674;396728
2037;35;407043;404595
2037;36;412759;411909
2037;37;417650;418357
2037;38;421248;423432
2037;39;424575;428235
2037;40;427750;432633
2037;41;429259;435313
2037;42;429893;436769
2037;43;429212;436706
2037;44;426324;434141
2037;45;422723;430435
2037;46;417010;424640
2037;47;409958;418084
2037;48;402205;410967
2037;49;394659;404045
2037;50;387014;397160
2037;51;378883;389985
2037;52;371093;383538
2037;53;362829;376526
2037;54;355662;370850
2037;55;346528;363125
2037;56;336807;354930
2037;57;327574;346969
2037;58;316039;336661
2037;59;305209;327022
2037;60;294588;317724
2037;61;284297;308756
2037;62;275083;301064
2037;63;267651;295232
2037;64;261253;290407
2037;65;256688;287254
2037;66;252491;284235
2037;67;248582;281805
2037;68;244678;279379
2037;69;240085;276049
2037;70;233941;271124
2037;71;226587;265160
2037;72;217824;257738
2037;73;206741;247781
2037;74;194810;236916
2037;75;182055;224979
2037;76;168648;212124
2037;77;155177;198923
2037;78;141965;185612
2037;79;128818;171993
2037;80;115913;158316
2037;81;103459;144713
2037;82;91247;130983
2037;83;79338;117277
2037;84;67656;103364
2037;85;56508;89585
2037;86;46422;76659
2037;87;37084;64021
2037;88;27618;50967
2037;89;21372;41424
2037;90;16004;32744
2037;91;11705;25336
2037;92;8367;19219
2037;93;5841;14293
2037;94;3966;10365
2037;95;2616;7295
2037;96;1677;4975
2037;97;1046;3292
2037;98;635;2119
2037;99;377;1334
2037;100;433;1811
2040;0;303127;290282
2040;1;305860;292988
2040;2;308356;295445
2040;3;311659;298636
2040;4;314473;301369
2040;5;316023;302914
2040;6;319331;306102
2040;7;322352;309047
2040;8;326045;312737
2040;9;329186;315706
2040;10;333016;319346
2040;11;335616;321942
2040;12;339527;325643
2040;13;342616;328647
2040;14;346346;332294
2040;15;350241;336016
2040;16;354447;340246
2040;17;357515;343209
2040;18;362743;348508
2040;19;365695;351751
2040;20;367936;354488
2040;21;366922;354179
2040;22;367126;354929
2040;23;367478;355737
2040;24;365691;354300
2040;25;364346;353450
2040;26;363610;353158
2040;27;362732;352890
2040;28;361929;352395
2040;29;361744;352563
2040;30;362234;353398
2040;31;363755;355294
2040;32;366863;359028
2040;33;371182;363850
2040;34;377744;371334
2040;35;384260;378790
2040;36;391277;386869
2040;37;398025;395309
2040;38;404389;403163
2040;39;410091;410458
2040;40;414959;416882
2040;41;418529;421924
2040;42;421816;426681
2040;43;424936;431019
2040;44;426383;433629
2040;45;426937;435001
2040;46;426160;434844
2040;47;423165;432179
2040;48;419435;428366
2040;49;413585;422462
2040;50;406385;415793
2040;51;398473;408560
2040;52;390750;401516
2040;53;382909;394503
2040;54;374561;387191
2040;55;366514;380585
2040;56;357954;373394
2040;57;350424;367497
2040;58;340908;359538
2040;59;330781;351090
2040;60;321119;342860
2040;61;309215;332312
2040;62;298037;322440
2040;63;287103;312920
2040;64;276517;303732
2040;65;266971;295782
2040;66;259101;289611
2040;67;252136;284346
2040;68;246814;280616
2040;69;241714;276909
2040;70;236784;273684
2040;71;231786;270392
2040;72;226103;266185
2040;73;218968;260423
2040;74;210722;253656
2040;75;201170;245469
2040;76;189443;234805
2040;77;176868;223178
2040;78;163448;210402
2040;79;149349;196605
2040;80;135118;182307
2040;81;121043;167689
2040;82;106984;152547
2040;83;93178;137145
2040;84;79938;121704
2040;85;67301;106262
2040;86;55539;91225
2040;87;44784;76720
2040;88;35322;63246
2040;89;27417;51411
2040;90;20716;40788
2040;91;14599;30858
2040;92;10678;23851
2040;93;7536;17947
2040;94;5161;13182
2040;95;3426;9405
2040;96;2202;6490
2040;97;1367;4321
2040;98;821;2779
2040;99;478;1726
2040;100;532;2262
2043;0;295577;282982
2043;1;298215;285527
2043;2;300382;287666
2043;3;302247;289512
2043;4;305330;292509
2043;5;307917;295058
2043;6;311248;298285
2043;7;314094;301049
2043;8;315690;302630
2043;9;319049;305853
2043;10;322110;308826
2043;11;325823;312529
2043;12;328954;315489
2043;13;332734;319090
2043;14;335236;321612
2043;15;338988;325203
2043;16;341853;328066
2043;17;345300;331553
2043;18;348866;335108
2043;19;352721;339180
2043;20;355454;342001
2043;21;360391;347181
2043;22;363138;350332
2043;23;365263;353005
2043;24;364220;352660
2043;25;364434;353395
2043;26;364813;354206
2043;27;363063;352789
2043;28;361748;351969
2043;29;361032;351711
2043;30;360176;351480
2043;31;359400;351021
2043;32;359249;351221
2043;33;359779;352083
2043;34;361339;353998
2043;35;364478;357743
2043;36;368818;362569
2043;37;375383;370049
2043;38;381894;377495
2043;39;388891;385558
2043;40;395610;393971
2043;41;401933;401790
2043;42;407586;409037
2043;43;412395;415401
2043;44;415894;420372
2043;45;419091;425041
2043;46;422097;429276
2043;47;423414;431773
2043;48;423816;433023
2043;49;422871;432735
2043;50;419698;429941
2043;51;415776;425994
2043;52;409731;419962
2043;53;402327;413162
2043;54;394191;405791
2043;55;386204;398591
2043;56;378055;391397
2043;57;369354;383878
2043;58;360901;377028
2043;59;351904;369573
2043;60;343902;363381
2043;61;333956;355147
2043;62;323438;346439
2043;63;313409;337957
2043;64;301212;327194
2043;65;289719;317081
2043;66;278416;307270
2043;67;267367;297714
2043;68;257223;289285
2043;69;248597;282509
2043;70;240761;276545
2043;71;234444;272016
2043;72;228314;267472
2043;73;222342;263371
2043;74;216303;259177
2043;75;209592;254052
2043;76;201448;247346
2043;77;192140;239531
2043;78;181460;230174
2043;79;168639;218262
2043;80;154906;205208
2043;81;140290;190800
2043;82;124992;175148
2043;83;109598;158766
2043;84;94521;141939
2043;85;79898;124731
2043;86;66179;107696
2043;87;53794;91353
2043;88;42847;75998
2043;89;33459;62076
2043;90;25550;49663
2043;91;19086;38949
2043;92;14011;30135
2043;93;9981;22771
2043;94;6591;16360
2043;95;4480;11901
2043;96;2912;8317
2043;97;1824;5612
2043;98;1103;3660
2043;99;642;2300
2043;100;705;3011
2046;0;289124;276780
2046;1;289582;277246
2046;2;291976;279549
2046;3;294782;282276
2046;4;297733;285085
2046;5;299982;287308
2046;6;301874;289189
2046;7;304987;292216
2046;8;307616;294798
2046;9;310990;298057
2046;10;313873;300846
2046;11;315488;302440
2046;12;318838;305655
2046;13;321855;308592
2046;14;325478;312227
2046;15;328465;315086
2046;16;332042;318556
2046;17;334290;320930
2046;18;337745;324367
2046;19;340296;327083
2046;20;343440;330438
2046;21;346747;333883
2046;22;350413;337868
2046;23;353038;340630
2046;24;357921;345770
2046;25;360665;348905
2046;26;362806;351579
2046;27;361794;351250
2046;28;362027;352011
2046;29;362420;352852
2046;30;360694;351470
2046;31;359405;350684
2046;32;358722;350456
2046;33;357907;350251
2046;34;357177;349813
2046;35;357067;350030
2046;36;357632;350903
2046;37;359217;352824
2046;38;362365;356569
2046;39;366699;361387
2046;40;373237;368846
2046;41;379711;376261
2046;42;386656;384280
2046;43;393311;392635
2046;44;399556;400381
2046;45;405113;407542
2046;46;409806;413805
2046;47;413173;418663
2046;48;416213;423207
2046;49;419036;427303
2046;50;420155;429655
2046;51;420342;430754
2046;52;419168;430313
2046;53;415759;427368
2046;54;411575;423264
2046;55;405247;417068
2046;56;397525;410085
2046;57;389029;402506
2046;58;380630;395067
2046;59;372033;387608
2046;60;362875;379812
2046;61;353964;372675
2046;62;344540;364943
2046;63;336115;358466
2046;64;325801;349970
2046;65;314914;340984
2046;66;304446;332171
2046;67;291783;321040
2046;68;279702;310463
2046;69;267718;300104
2046;70;255927;289938
2046;71;244987;280838
2046;72;235504;273327
2046;73;226796;266594
2046;74;219532;261228
2046;75;212418;255798
2046;76;205359;250688
2046;77;198071;245316
2046;78;189939;238827
2046;79;180251;230564
2046;80;169257;220937
2046;81;156779;209485
2046;82;142213;195269
2046;83;126771;179623
2046;84;110703;162507
2046;85;94502;144301
2046;86;78962;125823
2046;87;64650;107705
2046;88;51796;90336
2046;89;40660;74328
2046;90;31338;60060
2046;91;23663;47587
2046;92;17489;37029
2046;93;12597;28232
2046;94;8823;21038
2046;95;6023;15329
2046;96;3954;10767
2046;97;2389;7114
2046;98;1478;4731
2046;99;870;3011
2046;100;966;4049
2049;0;282917;270786
2049;1;284881;272711
2049;2;286076;273840
2049;3;288401;276129
2049;4;289142;276837
2049;5;291610;279217
2049;6;294441;281976
2049;7;297420;284815
2049;8;299707;287068
2049;9;301640;288979
2049;10;304786;292030
2049;11;307431;294623
2049;12;310797;297874
2049;13;313640;300631
2049;14;315174;302162
2049;15;318393;305282
2049;16;321227;308098
2049;17;324617;311594
2049;18;327336;314309
2049;19;330627;317641
2049;20;332603;319892
2049;21;335823;323226
2049;22;338206;325863
2049;23;341249;329161
2049;24;344512;332572
2049;25;348169;336541
2049;26;350806;339303
2049;27;355694;344454
2049;28;358447;347610
2049;29;360595;350310
2049;30;359601;350013
2049;31;359852;350803
2049;32;360270;351671
2049;33;358585;350315
2049;34;357339;349549
2049;35;356697;349337
2049;36;355920;349144
2049;37;355220;348716
2049;38;355132;348939
2049;39;355707;349812
2049;40;357288;351726
2049;41;360416;355451
2049;42;364716;360238
2049;43;371197;367647
2049;44;377598;374999
2049;45;384451;382938
2049;46;390991;391196
2049;47;397100;398833
2049;48;402500;405871
2049;49;407015;411999
2049;50;410186;416715
2049;51;413008;421104
2049;52;415590;425037
2049;53;416452;427221
2049;54;416352;428141
2049;55;414857;427508
2049;56;411095;424358
2049;57;406507;420024
2049;58;399746;413582
2049;59;391570;406332
2049;60;382610;398477
2049;61;373748;390756
2049;62;364709;383019
2049;63;355142;374955
2049;64;345824;367535
2049;65;335983;359503
2049;66;327049;352649
2049;67;316172;343725
2049;68;304625;334225
2049;69;293382;324807
2049;70;279966;313063
2049;71;267098;301831
2049;72;254348;290806
2049;73;241834;279982
2049;74;230175;270193
2049;75;219898;261910
2049;76;210287;254289
2049;77;201874;247818
2049;78;193386;241061
2049;79;184687;234316
2049;80;175480;226966
2049;81;165174;218125
2049;82;153151;207128
2049;83;139736;194352
2049;84;124998;179499
2049;85;108834;162065
2049;86;92629;143623
2049;87;76945;124619
2049;88;62368;105791
2049;89;49466;88039
2049;90;38451;71887
2049;91;29231;57491
2049;92;21735;45103
2049;93;15812;34754
2049;94;11201;26179
2049;95;7703;19198
2049;96;5118;13619
2049;97;3281;9341
2049;98;2037;6226
2049;99;1212;3983
2049;100;1319;5355
2052;0;276900;264921
2052;1;279061;267058
2052;2;279849;267808
2052;3;282245;270169
2052;4;284464;272317
2052;5;285728;273519
2052;6;288080;275841
2052;7;288850;276579
2052;8;291353;278989
2052;9;294221;281778
2052;10;297231;284638
2052;11;299533;286902
2052;12;301459;288806
2052;13;304567;291825
2052;14;307136;294357
2052;15;310380;297516
2052;16;313051;300155
2052;17;314371;301551
2052;18;317339;304530
2052;19;319909;307211
2052;20;323045;310586
2052;21;325548;313200
2052;22;328680;316453
2052;23;330563;318651
2052;24;333741;321951
2052;25;336119;324575
2052;26;339170;327875
2052;27;342444;331298
2052;28;346107;335289
2052;29;348751;338079
2052;30;353638;343256
2052;31;356401;346439
2052;32;358568;349165
2052;33;357611;348893
2052;34;357899;349703
2052;35;358352;350586
2052;36;356707;349245
2052;37;355493;348491
2052;38;354873;348287
2052;39;354112;348098
2052;40;353419;347669
2052;41;353326;347882
2052;42;353886;348736
2052;43;355437;350619
2052;44;358516;354297
2052;45;362744;359022
2052;46;369124;366348
2052;47;375403;373604
2052;48;382108;381431
2052;49;388478;389562
2052;50;394393;397059
2052;51;399579;403947
2052;52;403862;409917
2052;53;406782;414468
2052;54;409318;418676
2052;55;411567;422405
2052;56;412054;424364
2052;57;411527;425031
2052;58;409557;424119
2052;59;405300;420678
2052;60;400197;416042
2052;61;392949;409309
2052;62;384320;401779
2052;63;374940;393652
2052;64;365659;385650
2052;65;356178;377606
2052;66;346111;369180
2052;67;336179;361304
2052;68;325614;352726
2052;69;315813;345208
2052;70;304059;335590
2052;71;291629;325366
2052;72;279499;315204
2052;73;265342;302792
2052;74;251760;290887
2052;75;238320;279170
2052;76;225071;267584
2052;77;212522;256866
2052;78;201088;247391
2052;79;190052;238289
2052;80;179841;229939
2052;81;169234;220893
2052;82;158068;211318
2052;83;146112;200590
2052;84;133017;187969
2052;85;118593;173108
2052;86;103510;156715
2052;87;88247;139036
2052;88;73088;120202
2052;89;59139;101821
2052;90;46698;84386
2052;91;35954;68382
2052;92;27032;54311
2052;93;19848;42317
2052;94;14166;32192
2052;95;9809;23820
2052;96;6587;17094
2052;97;4273;11862
2052;98;2674;7962
2052;99;1607;5145
2052;100;1866;7213
2055;0;270160;258442
2055;1;272143;260386
2055;2;273481;261642
2055;3;276268;264331
2055;4;278663;266675
2055;5;279515;267496
2055;6;281939;269892
2055;7;284186;272068
2055;8;285485;273300
2055;9;287871;275651
2055;10;288670;276411
2055;11;291188;278831
2055;12;294049;281612
2055;13;297024;284442
2055;14;299254;286647
2055;15;301065;288461
2055;16;304012;291364
2055;17;306378;293764
2055;18;309387;296783
2055;19;311811;299288
2055;20;312896;300566
2055;21;315663;303445
2055;22;318085;306049
2055;23;321129;309370
2055;24;323592;311953
2055;25;326715;315193
2055;26;328609;317394
2055;27;331798;320709
2055;28;334188;323356
2055;29;337247;326684
2055;30;340528;330138
2055;31;344201;334157
2055;32;346864;336974
2055;33;351768;342172
2055;34;354558;345374
2055;35;356754;348113
2055;36;355833;347857
2055;37;356147;348678
2055;38;356619;349568
2055;39;354992;348235
2055;40;353787;347481
2055;41;353167;347271
2055;42;352396;347067
2055;43;351686;346615
2055;44;351562;346794
2055;45;352072;347602
2055;46;353553;349425
2055;47;356538;353027
2055;48;360647;357663
2055;49;366875;364879
2055;50;372980;372012
2055;51;379485;379702
2055;52;385633;387683
2055;53;391301;395018
2055;54;396208;401729
2055;55;400172;407502
2055;56;402727;411833
2055;57;404841;415788
2055;58;406606;419228
2055;59;406576;420876
2055;60;405505;421215
2055;61;402994;419972
2055;62;398229;416217
2055;63;392637;411274
2055;64;384930;404245
2055;65;375838;396397
2055;66;365937;387902
2055;67;356022;379442
2055;68;345781;370840
2055;69;334856;361769
2055;70;323981;353163
2055;71;312450;343818
2055;72;301639;335475
2055;73;288980;325077
2055;74;275712;314088
2055;75;262738;303130
2055;76;247819;289938
2055;77;233342;277112
2055;78;218851;264291
2055;79;204366;251375
2055;80;190327;239008
2055;81;177038;227431
2055;82;163799;215724
2055;83;150975;204152
2055;84;137612;191422
2055;85;123804;177821
2055;86;109683;163090
2055;87;95352;147037
2055;88;81014;129869
2055;89;67334;112548
2055;90;54646;95501
2055;91;43042;78904
2055;92;33048;63847
2055;93;24671;50529
2055;94;17850;38974
2055;95;12511;29217
2055;96;8488;21224
2055;97;5552;14889
2055;98;3499;10091
2055;99;2126;6598
2055;100;2540;9511
2058;0;264169;252736
2058;1;266486;254971
2058;2;267186;255613
2058;3;269564;257878
2058;4;271761;260015
2058;5;273160;261338
2058;6;275975;264062
2058;7;278398;266435
2058;8;279283;267286
2058;9;281740;269708
2058;10;284014;271906
2058;11;285327;273148
2058;12;287707;275491
2058;13;288474;276222
2058;14;290923;278585
2058;15;293676;281279
2058;16;296497;283995
2058;17;298535;286069
2058;18;300126;287747
2058;19;302840;290517
2058;20;304984;292798
2058;21;307802;295718
2058;22;310086;298148
2058;23;311090;299374
2058;24;313817;302222
2058;25;316231;304815
2058;26;319281;308139
2058;27;321758;310738
2058;28;324892;314002
2058;29;326800;316234
2058;30;329998;319580
2058;31;332405;322259
2058;32;335483;325616
2058;33;338788;329094
2058;34;342486;333133
2058;35;345176;335967
2058;36;350096;341174
2058;37;352904;344385
2058;38;355113;347131
2058;39;354209;346882
2058;40;354527;347702
2058;41;354995;348586
2058;42;353364;347241
2058;43;352145;346468
2058;44;351497;346227
2058;45;350686;345983
2058;46;349920;345481
2058;47;349722;345600
2058;48;350141;346338
2058;49;351509;348079
2058;50;354354;351584
2058;51;358299;356109
2058;52;364329;363194
2058;53;370210;370185
2058;54;376454;377712
2058;55;382299;385506
2058;56;387612;392628
2058;57;392110;399094
2058;58;395613;404591
2058;59;397669;408621
2058;60;399247;412248
2058;61;400457;415344
2058;62;399883;416648
2058;63;398277;416643
2058;64;395232;415049
2058;65;389929;410931
2058;66;383727;405573
2058;67;375333;398064
2058;68;365452;389645
2058;69;354663;380492
2058;70;343775;371300
2058;71;332520;361914
2058;72;320589;352039
2058;73;308714;342598
2058;74;296228;332423
2058;75;284414;323173
2058;76;270786;311849
2058;77;256459;299810
2058;78;242229;287600
2058;79;226013;273036
2058;80;210012;258553
2058;81;193774;243736
2058;82;177303;228421
2058;83;161021;213160
2058;84;145283;198172
2058;85;129689;182753
2058;86;114777;167348
2058;87;100090;151203
2058;88;85966;134925
2058;89;72642;118642
2058;90;60199;102445
2058;91;48700;86577
2058;92;38449;71745
2058;93;29530;58180
2058;94;21879;45789
2058;95;15677;35005
2058;96;10826;25859
2058;97;7184;18415
2058;98;4586;12656
2058;99;2814;8381
2058;100;3435;12417
2062;0;253537;242530
2062;1;255718;244606
2062;2;258425;247252
2062;3;260452;249169
2062;4;263502;252098
2062;5;266025;254524
2062;6;266793;255241
2062;7;269210;257551
2062;8;271446;259726
2062;9;272886;261086
2062;10;275738;263839
2062;11;278184;266231
2062;12;279074;267083
2062;13;281505;269481
2062;14;283714;271621
2062;15;284914;272769
2062;16;287130;274983
2062;17;287683;275557
2062;18;289877;277746
2062;19;292349;280264
2062;20;294890;282816
2062;21;296676;284748
2062;22;298066;286312
2062;23;300635;288998
2062;24;302696;291224
2062;25;305478;294117
2062;26;307759;296542
2062;27;308781;297784
2062;28;311524;300660
2062;29;313958;303290
2062;30;317026;306655
2062;31;319525;309298
2062;32;322683;312605
2062;33;324626;314876
2062;34;327859;318256
2062;35;330303;320964
2062;36;333414;324343
2062;37;336745;327840
2062;38;340461;331891
2062;39;343164;334733
2062;40;348078;339938
2062;41;350878;343141
2062;42;353071;345872
2062;43;352153;345603
2062;44;352439;346390
2062;45;352859;347227
2062;46;351173;345831
2062;47;349878;344993
2062;48;349132;344674
2062;49;348205;344343
2062;50;347303;343746
2062;51;346948;343757
2062;52;347183;344376
2062;53;348337;345983
2062;54;350923;349330
2062;55;354555;353669
2062;56;360194;360523
2062;57;365618;367246
2062;58;371326;374459
2062;59;376567;381891
2062;60;381221;388616
2062;61;385026;394656
2062;62;387817;399709
2062;63;389163;403285
2062;64;390005;406428
2062;65;390422;408994
2062;66;388990;409709
2062;67;386394;409016
2062;68;382212;406619
2062;69;375651;401601
2062;70;368056;395239
2062;71;358237;386679
2062;72;346930;377167
2062;73;334740;366903
2062;74;322448;356566
2062;75;309791;345990
2062;76;296429;334844
2062;77;282959;323932
2062;78;268695;312073
2062;79;254737;300747
2062;80;238819;287092
2062;81;221933;272309
2062;82;204749;256812
2062;83;185588;238644
2062;84;166469;220033
2062;85;147288;200776
2062;86;128418;181047
2062;87;110535;161654
2062;88;94160;143120
2062;89;79172;125268
2062;90;65899;108625
2062;91;53959;92768
2062;92;43404;78160
2062;93;34203;64825
2062;94;26253;52586
2062;95;19494;41424
2062;96;13978;31620
2062;97;9635;23285
2062;98;6340;16442
2062;99;3995;11166
2062;100;5091;17388
2065;0;247447;236740
2065;1;248166;237424
2065;2;251204;240313
2065;3;253006;242016
2065;4;255366;244257
2065;5;258128;246964
2065;6;260183;248917
2065;7;263261;251875
2065;8;265814;254330
2065;9;266612;255073
2065;10;269053;257402
2065;11;271302;259586
2065;12;272736;260939
2065;13;275558;263665
2065;14;277944;266002
2065;15;278736;266771
2065;16;281028;269059
2065;17;283065;271072
2065;18;284070;272088
2065;19;286080;274172
2065;20;286439;274630
2065;21;288466;276722
2065;22;290814;279167
2065;23;293276;281668
2065;24;295026;283571
2065;25;296409;285126
2065;26;298985;287818
2065;27;301061;290063
2065;28;303857;292982
2065;29;306154;295440
2065;30;307197;296718
2065;31;309959;299628
2065;32;312417;302291
2065;33;315512;305686
2065;34;318041;308355
2065;35;321226;311683
2065;36;323196;313973
2065;37;326448;317367
2065;38;328907;320087
2065;39;332025;323473
2065;40;335355;326970
2065;41;339061;331015
2065;42;341750;333846
2065;43;346634;339025
2065;44;349400;342198
2065;45;351548;344889
2065;46;350582;344579
2065;47;350803;345313
2065;48;351142;346089
2065;49;349371;344632
2065;50;347976;343725
2065;51;347114;343330
2065;52;346060;342917
2065;53;345014;342233
2065;54;344488;342145
2065;55;344518;342648
2065;56;345422;344115
2065;57;347703;347289
2065;58;350975;351424
2065;59;356189;358031
2065;60;361153;364482
2065;61;366367;371397
2065;62;371098;378510
2065;63;375226;384899
2065;64;378479;390576
2065;65;380671;395225
2065;66;381342;398337
2065;67;381377;400917
2065;68;380830;402801
2065;69;378319;402741
2065;70;374542;401188
2065;71;369122;397875
2065;72;361333;391931
2065;73;352508;384628
2065;74;341525;375145
2065;75;329084;364680
2065;76;315708;353382
2065;77;302064;341841
2065;78;287846;329838
2065;79;272708;317009
2065;80;257184;304068
2065;81;240604;289818
2065;82;223921;275548
2065;83;205191;258603
2065;84;185489;240179
2065;85;165661;220830
2065;86;144719;199201
2065;87;124672;177609
2065;88;105701;156243
2065;89;88200;135548
2065;90;72586;116285
2065;91;59027;98788
2065;92;47255;82882
2065;93;37302;68824
2065;94;28794;56095
2065;95;21667;44756
2065;96;15832;34751
2065;97;11168;26106
2065;98;7562;18900
2065;99;4908;13174
2065;100;6616;21694
2068;0;240152;229755
2068;1;241883;231393
2068;2;243903;233301
2068;3;246937;236244
2068;4;247825;237083
2068;5;250915;240031
2068;6;252747;241771
2068;7;255134;244041
2068;8;257925;246776
2068;9;260009;248754
2068;10;263109;251731
2068;11;265675;254194
2068;12;266468;254931
2068;13;268881;257233
2068;14;271071;259363
2068;15;272411;260636
2068;16;275100;263253
2068;17;277319;265465
2068;18;277924;266101
2068;19;280020;268261
2068;20;281869;270158
2068;21;282716;271078
2068;22;284608;273089
2068;23;284896;273499
2068;24;286887;275563
2068;25;289226;277998
2068;26;291694;280507
2068;27;293460;282430
2068;28;294861;284013
2068;29;297454;286738
2068;30;299549;289019
2068;31;302367;291974
2068;32;304690;294466
2068;33;305765;295776
2068;34;308558;298715
2068;35;311045;301402
2068;36;314164;304816
2068;37;316715;307503
2068;38;319915;310843
2068;39;321896;313144
2068;40;325149;316541
2068;41;327604;319259
2068;42;330710;322636
2068;43;334018;326115
2068;44;337691;330131
2068;45;340337;332927
2068;46;345158;338058
2068;47;347853;341177
2068;48;349919;343807
2068;49;348870;343437
2068;50;348989;344102
2068;51;349213;344803
2068;52;347324;343273
2068;53;345795;342285
2068;54;344774;341798
2068;55;343533;341281
2068;56;342267;340476
2068;57;341479;340246
2068;58;341207;340582
2068;59;341766;341857
2068;60;343663;344810
2068;61;346517;348701
2068;62;351271;355027
2068;63;355752;361179
2068;64;360442;367758
2068;65;364590;374484
2068;66;368044;380418
2068;67;370497;385546
2068;68;371749;389537
2068;69;371354;391891
2068;70;370202;393610
2068;71;368363;394547
2068;72;364526;393492
2068;73;359395;390905
2068;74;352622;386530
2068;75;343505;379512
2068;76;333266;371044
2068;77;320776;360277
2068;78;306660;348321
2068;79;291387;335275
2068;80;275560;321656
2068;81;258845;307174
2068;82;240905;291408
2068;83;222266;274987
2068;84;202500;256868
2068;85;182682;238358
2068;86;161578;217434
2068;87;140499;195561
2068;88;120422;173601
2068;89;100818;150876
2068;90;83143;129419
2068;91;67366;109374
2068;92;53574;91049
2068;93;41854;74864
2068;94;32119;60749
2068;95;24082;48316
2068;96;17648;37610
2068;97;12533;28427
2068;98;8607;20869
2068;99;5696;14810
2068;100;8143;25841
2071;0;234911;224707
2071;1;236416;226167
2071;2;237948;227625
2071;3;239663;229277
2071;4;241551;231061
2071;5;243621;233026
2071;6;246685;236004
2071;7;247601;236874
2071;8;250719;239849
2071;9;252578;241613
2071;10;254987;243901
2071;11;257790;246645
2071;12;259869;248617
2071;13;262942;251567
2071;14;265451;253978
2071;15;266154;254635
2071;16;268439;256829
2071;17;270469;258837
2071;18;271629;259976
2071;19;274129;262466
2071;20;276169;264563
2071;21;276623;265105
2071;22;278605;267192
2071;23;280382;269040
2071;24;281197;269934
2071;25;283079;271937
2071;26;283379;272355
2071;27;285384;274440
2071;28;287740;276903
2071;29;290227;279446
2071;30;292015;281406
2071;31;293442;283027
2071;32;296061;285788
2071;33;298188;288102
2071;34;301035;291086
2071;35;303388;293604
2071;36;304494;294938
2071;37;307308;297895
2071;38;309813;300598
2071;39;312942;304023
2071;40;315497;306716
2071;41;318693;310056
2071;42;320668;312351
2071;43;323902;315734
2071;44;326332;318431
2071;45;329398;321776
2071;46;332654;325215
2071;47;336260;329182
2071;48;338829;331923
2071;49;343550;336986
2071;50;346139;340035
2071;51;348089;342590
2071;52;346925;342148
2071;53;346908;342731
2071;54;346973;343342
2071;55;344911;341717
2071;56;343175;340618
2071;57;341909;339999
2071;58;340391;339331
2071;59;338820;338360
2071;60;337704;337946
2071;61;337085;338084
2071;62;337278;339143
2071;63;338774;341853
2071;64;341184;345467
2071;65;345405;351451
2071;66;349262;357192
2071;67;353191;363263
2071;68;356433;369364
2071;69;358836;374564
2071;70;360120;378859
2071;71;360110;381935
2071;72;358397;383311
2071;73;355862;383982
2071;74;352577;383798
2071;75;347267;381564
2071;76;340551;377679
2071;77;332025;371835
2071;78;320980;363159
2071;79;308540;352759
2071;80;293652;339798
2071;81;276870;325265
2071;82;258611;309184
2071;83;239466;292013
2071;84;219291;273530
2071;85;198084;253531
2071;86;176648;232832
2071;87;155035;210905
2071;88;134418;189221
2071;89;114090;166532
2071;90;95082;144282
2071;91;77965;123188
2071;92;62271;102835
2071;93;48796;84618
2071;94;37348;68364
2071;95;27849;54004
2071;96;20222;41679
2071;97;14294;31406
2071;98;9790;23009
2071;99;6502;16384
2071;100;9598;29630
2077;0;223317;213616
2077;1;225305;215563
2077;2;226745;216896
2077;3;228301;218371
2077;4;230685;220661
2077;5;232731;222608
2077;6;234198;224014
2077;7;235880;225642
2077;8;237489;227183
2077;9;239259;228894
2077;10;241195;230725
2077;11;243304;232726
2077;12;246390;235722
2077;13;247303;236585
2077;14;250379;239517
2077;15;252149;241197
2077;16;254412;243356
2077;17;257011;245925
2077;18;258834;247688
2077;19;261608;250406
2077;20;263797;252580
2077;21;264188;253013
2077;22;266185;255010
2077;23;267976;256855
2077;24;268958;257875
2077;25;271337;260285
2077;26;273314;262342
2077;27;273755;262881
2077;28;275747;264990
2077;29;277554;266883
2077;30;278412;267837
2077;31;280341;269909
2077;32;280698;270404
2077;33;282759;272562
2077;34;285172;275097
2077;35;287718;277705
2077;36;289567;279726
2077;37;291054;281402
2077;38;293722;284209
2077;39;295892;286562
2077;40;298768;289577
2077;41;301143;292117
2077;42;302263;293468
2077;43;305071;296425
2077;44;307557;299116
2077;45;310646;302513
2077;46;313146;305166
2077;47;316263;308449
2077;48;318144;310677
2077;49;321252;313973
2077;50;323538;316573
2077;51;326430;319805
2077;52;329485;323118
2077;53;332856;326942
2077;54;335166;329533
2077;55;339563;334409
2077;56;341800;337263
2077;57;343347;339598
2077;58;341763;338932
2077;59;341252;339251
2077;60;340770;339566
2077;61;338156;337644
2077;62;335831;336217
2077;63;333938;335241
2077;64;331766;334187
2077;65;329494;332795
2077;66;327583;331889
2077;67;326032;331437
2077;68;325103;331771
2077;69;325234;333579
2077;70;326016;336106
2077;71;328281;340756
2077;72;329944;344976
2077;73;331436;349323
2077;74;332047;353498
2077;75;331626;356590
2077;76;329869;358546
2077;77;326544;359001
2077;78;321202;357422
2077;79;314535;354631
2077;80;306480;350353
2077;81;295796;343337
2077;82;282940;333820
2077;83;267591;321452
2077;84;249319;305489
2077;85;229313;287023
2077;86;207245;265674
2077;87;184180;242722
2077;88;161084;218766
2077;89;138877;194747
2077;90;117843;171057
2077;91;98203;147979
2077;92;80428;126362
2077;93;64474;106093
2077;94;50671;87773
2077;95;38593;70631
2077;96;28500;55294
2077;97;20401;42065
2077;98;13999;30805
2077;99;9266;21837
2077;100;13677;39634
2080;0;218316;208798
2080;1;220485;210912
2080;2;221807;212158
2080;3;222873;213178
2080;4;224994;215249
2080;5;226481;216635
2080;6;228067;218147
2080;7;230479;220466
2080;8;232552;222439
2080;9;234044;223868
2080;10;235745;225513
2080;11;237365;227063
2080;12;239132;228768
2080;13;241043;230575
2080;14;243102;232526
2080;15;246104;235444
2080;16;246901;236204
2080;17;249833;239015
2080;18;251441;240566
2080;19;253537;242600
2080;20;255976;245056
2080;21;257664;246725
2080;22;260334;249373
2080;23;262457;251499
2080;24;262816;251907
2080;25;264804;253898
2080;26;266602;255752
2080;27;267601;256795
2080;28;270000;259236
2080;29;272000;261329
2080;30;272469;261908
2080;31;274489;264058
2080;32;276327;265990
2080;33;277221;266982
2080;34;279183;269088
2080;35;279576;269615
2080;36;281666;271800
2080;37;284104;274359
2080;38;286670;276987
2080;39;288535;279025
2080;40;290034;280715
2080;41;292705;283528
2080;42;294873;285883
2080;43;297740;288893
2080;44;300098;291421
2080;45;301196;292755
2080;46;303966;295686
2080;47;306403;298344
2080;48;309432;301702
2080;49;311863;304310
2080;50;314897;307542
2080;51;316688;309716
2080;52;319691;312950
2080;53;321859;315484
2080;54;324611;318639
2080;55;327498;321863
2080;56;330669;325581
2080;57;332752;328054
2080;58;336873;332786
2080;59;338822;335488
2080;60;340067;337659
2080;61;338197;336835
2080;62;337382;336982
2080;63;336582;337112
2080;64;333651;335000
2080;65;330965;333349
2080;66;328637;332098
2080;67;325941;330704
2080;68;323041;328902
2080;69;320392;327507
2080;70;318002;326492
2080;71;316135;326187
2080;72;315214;327262
2080;73;314838;328971
2080;74;315794;332670
2080;75;316040;335832
2080;76;315923;338947
2080;77;314685;341652
2080;78;312111;342992
2080;79;307857;342855
2080;80;301663;340827
2080;81;293050;336310
2080;82;282589;329982
2080;83;270221;321520
2080;84;254964;309790
2080;85;237498;295157
2080;86;217924;277573
2080;87;196374;256796
2080;88;174266;234223
2080;89;151694;210002
2080;90;129637;185513
2080;91;108797;161374
2080;92;89736;138414
2080;93;72553;116944
2080;94;57283;96975
2080;95;44135;78836
2080;96;33004;62379
2080;97;23974;48133
2080;98;16730;35820
2080;99;11225;25736
2080;100;16941;47700
2086;0;209532;200380
2086;1;211241;202045
2086;2;212536;203290
2086;3;214704;205342
2086;4;215023;205641
2086;5;216474;207045
2086;6;217660;208154
2086;7;219982;210415
2086;8;221376;211740
2086;9;222497;212818
2086;10;224664;214935
2086;11;226188;216355
2086;12;227794;217885
2086;13;230203;220197
2086;14;232238;222129
2086;15;233648;223477
2086;16;235216;224997
2086;17;236651;226378
2086;18;238184;227880
2086;19;239827;229461
2086;20;241598;231180
2086;21;244315;233878
2086;22;244857;234444
2086;23;247571;237096
2086;24;249017;238530
2086;25;251004;240488
2086;26;253384;242908
2086;27;255056;244575
2086;28;257736;247248
2086;29;259890;249422
2086;30;260298;249895
2086;31;262337;251959
2086;32;264192;253891
2086;33;265256;255014
2086;34;267717;257531
2086;35;269781;259697
2086;36;270320;260346
2086;37;272401;262558
2086;38;274295;264546
2086;39;275240;265588
2086;40;277242;267735
2086;41;277670;268298
2086;42;279780;270508
2086;43;282224;273079
2086;44;284783;275710
2086;45;286630;277740
2086;46;288097;279411
2086;47;290713;282190
2086;48;292811;284500
2086;49;295584;287451
2086;50;297831;289911
2086;51;298807;291172
2086;52;301425;294013
2086;53;303689;296573
2086;54;306511;299815
2086;55;308707;302298
2086;56;311460;305383
2086;57;312935;307394
2086;58;315558;310435
2086;59;317305;312754
2086;60;319580;315663
2086;61;321945;318614
2086;62;324548;322028
2086;63;326045;324181
2086;64;329492;328531
2086;65;330749;330829
2086;66;331226;332540
2086;67;328553;331216
2086;68;326760;330747
2086;69;324813;330143
2086;70;320637;327220
2086;71;316528;324627
2086;72;312602;322300
2086;73;308183;319722
2086;74;303439;316634
2086;75;298784;313810
2086;76;294173;311177
2086;77;289769;308981
2086;78;285856;307768
2086;79;281931;306708
2086;80;278536;306914
2086;81;273670;305855
2086;82;267489;303804
2086;83;259255;300270
2086;84;248783;294282
2086;85;235919;285716
2086;86;220757;274325
2086;87;203429;259916
2086;88;184947;243461
2086;89;165829;225232
2086;90;146000;205034
2086;91;126309;183699
2086;92;107113;161791
2086;93;88692;139664
2086;94;71765;118223
2086;95;56400;97564
2086;96;42983;78435
2086;97;31697;61254
2086;98;22608;46456
2086;99;15539;34094
2086;100;24971;67710
2092;0;199285;190583
2092;1;200208;191460
2092;2;202320;193496
2092;3;204567;195603
2092;4;205712;196737
2092;5;206711;197656
2092;6;208903;199760
2092;7;210755;201563
2092;8;212119;202884
2092;9;214341;204993
2092;10;214706;205338
2092;11;216193;206776
2092;12;217399;207902
2092;13;219718;210156
2092;14;221076;211442
2092;15;222118;212440
2092;16;224158;214434
2092;17;225505;215689
2092;18;226891;217017
2092;19;229044;219106
2092;20;230806;220809
2092;21;231950;221940
2092;22;233276;223267
2092;23;234509;224492
2092;24;235890;225879
2092;25;237431;227386
2092;26;239148;229071
2092;27;241848;231768
2092;28;242408;232363
2092;29;245153;235065
2092;30;246646;236564
2092;31;248687;238598
2092;32;251127;241098
2092;33;252864;242848
2092;34;255609;245600
2092;35;257829;247850
2092;36;258308;248397
2092;37;260410;250527
2092;38;262324;252519
2092;39;263441;253696
2092;40;265943;256259
2092;41;268041;258463
2092;42;268608;259144
2092;43;270703;261375
2092;44;272599;263374
2092;45;273537;264419
2092;46;275514;266555
2092;47;275909;267101
2092;48;277962;269279
2092;49;280331;271807
2092;50;282797;274384
2092;51;284537;276354
2092;52;285883;277958
2092;53;288351;280657
2092;54;290279;282878
2092;55;292848;285724
2092;56;294859;288067
2092;57;295572;289199
2092;58;297868;291883
2092;59;299770;294265
2092;60;302182;297304
2092;61;303940;299566
2092;62;306213;302404
2092;63;307196;304154
2092;64;309266;306892
2092;65;310419;308876
2092;66;312006;311385
2092;67;313562;313855
2092;68;315203;316681
2092;69;315598;318154
2092;70;317696;321656
2092;71;317484;323011
2092;72;316343;323661
2092;73;312042;321240
2092;74;308441;319533
2092;75;304538;317561
2092;76;298359;313197
2092;77;292004;308941
2092;78;285506;304666
2092;79;278153;299795
2092;80;270011;294005
2092;81;261332;287901
2092;82;251962;281292
2092;83;241963;274288
2092;84;231502;267241
2092;85;220165;259319
2092;86;208451;251405
2092;87;195068;241446
2092;88;180548;229900
2092;89;164834;216718
2092;90;148273;201613
2092;91;131172;184942
2092;92;113928;167065
2092;93;96875;148341
2092;94;80648;129501
2092;95;65581;110764
2092;96;51738;92203
2092;97;39532;74546
2092;98;29144;58371
2092;99;20625;44023
2092;100;35392;93390
2097;0;191132;182796
2097;1;192566;184155
2097;2;194002;185558
2097;3;195634;187061
2097;4;197005;188398
2097;5;198741;190044
2097;6;199789;191041
2097;7;201961;193144
2097;8;204255;195301
2097;9;205441;196478
2097;10;206475;197431
2097;11;208693;199559
2097;12;210556;201370
2097;13;211909;202676
2097;14;214090;204741
2097;15;214376;205005
2097;16;215740;206321
2097;17;216782;207291
2097;18;218902;209361
2097;19;220039;210450
2097;20;220857;211256
2097;21;222685;213074
2097;22;223850;214182
2097;23;225092;215397
2097;24;227145;217409
2097;25;228850;219071
2097;26;229973;220192
2097;27;231306;221535
2097;28;232564;222798
2097;29;233983;224238
2097;30;235571;225808
2097;31;237339;227562
2097;32;240092;230329
2097;33;240713;230997
2097;34;243516;233767
2097;35;245069;235332
2097;36;247167;237425
2097;37;249658;239980
2097;38;251443;241780
2097;39;254227;244576
2097;40;256482;246865
2097;41;256992;247446
2097;42;259113;249601
2097;43;261038;251611
2097;44;262160;252800
2097;45;264651;255363
2097;46;266729;257560
2097;47;267269;258228
2097;48;269318;260437
2097;49;271157;262406
2097;50;272030;263416
2097;51;273924;265509
2097;52;274232;266011
2097;53;276174;268133
2097;54;278411;270596
2097;55;280720;273098
2097;56;282280;274983
2097;57;283417;276490
2097;58;285633;279071
2097;59;287283;281162
2097;60;289540;283859
2097;61;291222;286041
2097;62;291601;287007
2097;63;293518;289494
2097;64;295014;291658
2097;65;296962;294437
2097;66;298191;296397
2097;67;299823;298859
2097;68;300069;300165
2097;69;301239;302357
2097;70;301374;303709
2097;71;301788;305479
2097;72;302035;307113
2097;73;302229;308996
2097;74;301095;309451
2097;75;301425;311750
2097;76;299358;311799
2097;77;296157;310953
2097;78;289686;306892
2097;79;283488;303186
2097;80;276543;298821
2097;81;266995;291725
2097;82;256701;284181
2097;83;245644;275996
2097;84;233216;266596
2097;85;219573;255701
2097;86;205106;243919
2097;87;189942;231203
2097;88;174421;217814
2097;89;158937;204235
2097;90;143417;190025
2097;91;128336;175990
2097;92;113011;160909
2097;93;97904;145373
2097;94;83077;129380
2097;95;68860;112815
2097;96;55538;96052
2097;97;43413;79541
2097;98;32764;63846
2097;99;23859;49646
2097;100;44307;115533
2100;0;186420;178319
2100;1;188276;180044
2100;2;189362;181097
2100;3;190751;182417
2100;4;192285;183868
2100;5;193761;185319
2100;6;195425;186857
2100;7;196824;188223
2100;8;198584;189895
2100;9;199654;190913
2100;10;201843;193030
2100;11;204146;195196
2100;12;205329;196369
2100;13;206344;197299
2100;14;208517;199380
2100;15;210308;201118
2100;16;211562;202326
2100;17;213619;204274
2100;18;213770;204414
2100;19;214995;205609
2100;20;215907;206469
2100;21;217916;208449
2100;22;218969;209471
2100;23;219732;210232
2100;24;221530;212028
2100;25;222686;213132
2100;26;223936;214360
2100;27;226006;216397
2100;28;227736;218093
2100;29;228889;219254
2100;30;230254;220641
2100;31;231548;221949
2100;32;233004;223433
2100;33;234629;225046
2100;34;236435;226840
2100;35;239222;229645
2100;36;239877;230348
2100;37;242709;233148
2100;38;244288;234742
2100;39;246408;236860
2100;40;248916;239435
2100;41;250715;241253
2100;42;253507;244061
2100;43;255764;246357
2100;44;256274;246943
2100;45;258387;249096
2100;46;260295;251100
2100;47;261394;252279
2100;48;263855;254826
2100;49;265895;257004
2100;50;266395;257654
2100;51;268392;259837
2100;52;270173;261777
2100;53;270981;262757
2100;54;272795;264813
2100;55;273012;265274
2100;56;274838;267344
2100;57;276937;269745
2100;58;279091;272177
2100;59;280485;273986
2100;60;281447;275411
2100;61;283473;277899
2100;62;284925;279890
2100;63;286963;282472
2100;64;288405;284523
2100;65;288517;285338
2100;66;290096;287630
2100;67;291182;289553
2100;68;292631;292032
2100;69;293287;293645
2100;70;294262;295702
2100;71;293805;296564
2100;72;294180;298249
2100;73;293472;299048
2100;74;292957;300195
2100;75;292182;301127
2100;76;291212;302186
2100;77;288762;301688
2100;78;287454;302776
2100;79;283549;301420
2100;80;278229;298905
2100;81;269457;292960
2100;82;260519;286966
2100;83;250449;279915
2100;84;237633;269886
2100;85;223894;259074
2100;86;209364;247361
2100;87;193725;234342
2100;88;177349;219938
2100;89;160751;204865
2100;90;144151;189237
2100;91;127855;173359
2100;92;112172;157727
2100;93;97072;142084
2100;94;82885;126971
2100;95;69221;111387
2100;96;56442;95756
2100;97;44680;80344
2100;98;34234;65483
2100;99;25292;51684
2100;100;48837;126342
